0.093589067,-0.313463807,0.752984583,0.094484955,-0.043578748,0.989338756,-0.101894498,-0.029059298,0.426798254,0.233643934,0.851846755,-0.576968253,-0.123421460,-0.129491016,-0.295601785,-0.285762221,0.424692154,-0.012311249,0.134999424,-0.011452920,-0.002386212,0.207092762,-0.780142307,0.084260672,-0.683858693,-0.132335737,-0.413606584,-0.010591156,0.000024201,-0.163383976,-0.579903126,-0.552065790,0.524745941,0.392630786,-0.004366663,-0.000018253
0.093570255,-0.313511014,0.753007174,0.094623417,-0.043681394,0.989308417,-0.102013700,-0.029013051,0.426935643,0.233277082,0.852188230,-0.576451540,-0.123414077,-0.129378974,-0.295483828,-0.285565108,0.425356299,-0.011216451,0.134986967,-0.011277111,-0.002481216,0.207017034,-0.780156672,0.084038623,-0.684066594,-0.132340208,-0.413601935,-0.010586102,0.000024249,-0.163583964,-0.579626799,-0.551699102,0.524640501,0.392585874,-0.004372790,-0.000018259
0.093806878,-0.313364506,0.752984524,0.094899990,-0.043700852,0.989285350,-0.101976015,-0.028990436,0.427133918,0.232976645,0.852541268,-0.576099694,-0.123399347,-0.129376560,-0.295250326,-0.285428464,0.425799102,-0.010638859,0.134962007,-0.011106832,-0.002744098,0.206903934,-0.780165017,0.083652355,-0.684391916,-0.132310614,-0.413605869,-0.010572278,0.000024342,-0.163964599,-0.579434931,-0.551167905,0.524447441,0.392493486,-0.004393175,-0.000018266
0.094053656,-0.313190222,0.752935886,0.095150642,-0.043738250,0.989271641,-0.101858631,-0.028999772,0.427412778,0.232694060,0.852924526,-0.575915217,-0.123377226,-0.129478142,-0.294927001,-0.285326600,0.426175654,-0.010350003,0.134924665,-0.010933922,-0.003159293,0.206840634,-0.780104637,0.083191253,-0.684784472,-0.132182375,-0.413618505,-0.010542409,0.000024443,-0.164434969,-0.579339802,-0.550525725,0.524231017,0.392350525,-0.004416938,-0.000018261
0.094286814,-0.313038945,0.752867579,0.095386244,-0.043785699,0.989259064,-0.101739243,-0.029032886,0.427681029,0.232397452,0.853368223,-0.575872183,-0.123347692,-0.129600883,-0.294633746,-0.285225570,0.426580936,-0.010211245,0.134875134,-0.010677422,-0.003536050,0.206777006,-0.779979825,0.082681216,-0.685212374,-0.131960586,-0.413634926,-0.010498438,0.000024507,-0.164963871,-0.579181612,-0.549702466,0.524020791,0.392163128,-0.004432494,-0.000018243
0.094458833,-0.312949419,0.752789140,0.095573090,-0.043847211,0.989248872,-0.101634331,-0.029061422,0.427889138,0.232110754,0.853831172,-0.575958192,-0.123310685,-0.129719108,-0.294407934,-0.285112500,0.426994145,-0.010179517,0.134813577,-0.010384814,-0.003846248,0.206622928,-0.779837072,0.082179032,-0.685569584,-0.131716505,-0.413661122,-0.010460805,0.000024587,-0.165515020,-0.579101324,-0.548789024,0.523811042,0.391917944,-0.004448968,-0.000018224
0.094623595,-0.312844366,0.752705693,0.095764279,-0.043893605,0.989237726,-0.101542242,-0.029066129,0.428075045,0.231815964,0.854281783,-0.576052308,-0.123266183,-0.129845068,-0.294215709,-0.285012066,0.427483261,-0.010230221,0.134740040,-0.010086922,-0.004076724,0.206381321,-0.779677689,0.081679173,-0.685852826,-0.131478682,-0.413701743,-0.010431800,0.000024709,-0.166016430,-0.579053998,-0.547787070,0.523648858,0.391616940,-0.004455385,-0.000018205
0.094792463,-0.312687367,0.752631128,0.095964752,-0.043922171,0.989224195,-0.101473339,-0.029064901,0.428276241,0.231478691,0.854673862,-0.576083541,-0.123214133,-0.129970267,-0.294007033,-0.284935594,0.428044200,-0.010355772,0.134654611,-0.009766829,-0.004323804,0.206043348,-0.779486358,0.081188411,-0.686069787,-0.131243601,-0.413758010,-0.010407690,0.000024830,-0.166491047,-0.579101801,-0.546716869,0.523512065,0.391254276,-0.004459957,-0.000018190
0.094993986,-0.312529325,0.752557337,0.096188799,-0.043938078,0.989206851,-0.101422936,-0.029077854,0.428441435,0.231126100,0.855093777,-0.576105058,-0.123154476,-0.130106449,-0.293839276,-0.284858346,0.428674966,-0.010477344,0.134557337,-0.009435250,-0.004670534,0.205627054,-0.779231846,0.080747411,-0.686198056,-0.131010577,-0.413834453,-0.010389162,0.000024919,-0.166976050,-0.579348743,-0.545633554,0.523377955,0.390823394,-0.004474613,-0.000018175
0.095198937,-0.312402874,0.752476513,0.096393876,-0.043953680,0.989191592,-0.101371922,-0.029126933,0.428560913,0.230792612,0.855559170,-0.576168299,-0.123087153,-0.130336329,-0.293734998,-0.284778029,0.429397643,-0.010621262,0.134448379,-0.009155878,-0.005080385,0.205230370,-0.778931260,0.080387220,-0.686183274,-0.130810112,-0.413933128,-0.010385315,0.000024974,-0.167381436,-0.579774678,-0.544575393,0.523312569,0.390340358,-0.004486751,-0.000018160
0.095399968,-0.312286615,0.752400696,0.096573435,-0.043938864,0.989174366,-0.101373635,-0.029229801,0.428583205,0.230457008,0.855993271,-0.576197565,-0.123012125,-0.130620316,-0.293747306,-0.284694850,0.430216372,-0.010813964,0.134327754,-0.008854804,-0.005442315,0.204803541,-0.778582096,0.080116808,-0.686056018,-0.130641520,-0.414050192,-0.010395164,0.000025016,-0.167760357,-0.580299795,-0.543476641,0.523285687,0.389809996,-0.004499380,-0.000018132
0.095671363,-0.312152594,0.752318978,0.096791603,-0.043867402,0.989152789,-0.101408392,-0.029378468,0.428498298,0.230123103,0.856470048,-0.576171517,-0.122929342,-0.130962715,-0.293893099,-0.284577727,0.431161761,-0.011010725,0.134195536,-0.008561889,-0.005732529,0.204372019,-0.778161049,0.079941794,-0.685833931,-0.130468875,-0.414183676,-0.010410895,0.000025018,-0.168071970,-0.580885112,-0.542325795,0.523321986,0.389233947,-0.004508098,-0.000018103
0.095981233,-0.311991870,0.752235472,0.096995071,-0.043745328,0.989133179,-0.101458207,-0.029619692,0.428331971,0.229813576,0.856944263,-0.576079965,-0.122838810,-0.131440938,-0.294144988,-0.284444571,0.432205826,-0.011230421,0.134051695,-0.008303370,-0.005957622,0.204029053,-0.777674258,0.079847738,-0.685542047,-0.130250633,-0.414329588,-0.010420699,0.000024926,-0.168314725,-0.581530809,-0.541117489,0.523425162,0.388612092,-0.004513500,-0.000018079
0.096251294,-0.311914831,0.752151370,0.097111225,-0.043613456,0.989119351,-0.101540364,-0.029959192,0.428025723,0.229567349,0.857431233,-0.576044023,-0.122740515,-0.132032543,-0.294560790,-0.284289658,0.433279932,-0.011446306,0.133896351,-0.008073596,-0.006146695,0.203743353,-0.777162910,0.079812512,-0.685173869,-0.129997671,-0.414494514,-0.010425824,0.000024791,-0.168490380,-0.582250059,-0.539843917,0.523566484,0.387943596,-0.004521927,-0.000018061
0.096632987,-0.311866879,0.752053857,0.097271465,-0.043417946,0.989100099,-0.101656079,-0.030381711,0.427530795,0.229380190,0.858017206,-0.575992525,-0.122634478,-0.132701516,-0.295192063,-0.284065276,0.434416384,-0.011587006,0.133729428,-0.007859373,-0.006229584,0.203453824,-0.776684403,0.079846404,-0.684698522,-0.129731357,-0.414675742,-0.010432624,0.000024656,-0.168583855,-0.583034992,-0.538529932,0.523775637,0.387231469,-0.004530511,-0.000018048
0.097017810,-0.311813742,0.751970351,0.097382322,-0.043165073,0.989082217,-0.101830028,-0.030894052,0.426898181,0.229241341,0.858520567,-0.575859547,-0.122520804,-0.133459836,-0.295990765,-0.283847451,0.435608417,-0.011757342,0.133550912,-0.007615902,-0.006180008,0.203119606,-0.776282907,0.080018766,-0.684020042,-0.129440516,-0.414869606,-0.010447043,0.000024549,-0.168601334,-0.583856583,-0.537173748,0.524058044,0.386481434,-0.004540912,-0.000018025
0.097339116,-0.311800420,0.751907587,0.097370669,-0.042886525,0.989072919,-0.102052391,-0.031535398,0.426151335,0.229173884,0.858918369,-0.575696170,-0.122399606,-0.134351373,-0.296939969,-0.283649534,0.436806679,-0.011969943,0.133360714,-0.007358529,-0.006034327,0.202813327,-0.775957108,0.080353878,-0.683113933,-0.129128352,-0.415082514,-0.010470092,0.000024434,-0.168508634,-0.584724486,-0.535776615,0.524423659,0.385693073,-0.004550871,-0.000017996
0.097663790,-0.311771810,0.751863301,0.097297750,-0.042555533,0.989070773,-0.102280863,-0.032264501,0.425313592,0.229199067,0.859225810,-0.575430810,-0.122270986,-0.135407314,-0.298011869,-0.283444047,0.438057244,-0.012181320,0.133158624,-0.007204663,-0.005778540,0.202551320,-0.775686383,0.080801137,-0.682059109,-0.128812477,-0.415322930,-0.010500154,0.000024352,-0.168223485,-0.585607708,-0.534340739,0.524907589,0.384864420,-0.004551084,-0.000017963
0.098054275,-0.311685622,0.751827955,0.097191691,-0.042143617,0.989080429,-0.102456652,-0.033093832,0.424383283,0.229359880,0.859488308,-0.575027466,-0.122135073,-0.136731550,-0.299199432,-0.283186406,0.439383954,-0.012365492,0.132944569,-0.007287012,-0.005294076,0.202469751,-0.775456011,0.081357203,-0.680888951,-0.128499225,-0.415585786,-0.010538026,0.000024287,-0.167634964,-0.586389661,-0.532828689,0.525572598,0.383984417,-0.004524555,-0.000017937
0.098482974,-0.311600596,0.751794040,0.097077049,-0.041712169,0.989087880,-0.102669328,-0.034020271,0.423415691,0.229537085,0.859750628,-0.574574113,-0.121991962,-0.138154283,-0.300481707,-0.282952994,0.440820903,-0.012546236,0.132718459,-0.007315302,-0.004918977,0.202358842,-0.775238097,0.081995957,-0.679652870,-0.128199041,-0.415863782,-0.010587955,0.000024198,-0.167077705,-0.587279618,-0.531217396,0.526232362,0.383041978,-0.004505477,-0.000017910
0.098885261,-0.311517626,0.751774132,0.096901461,-0.041295677,0.989097059,-0.102914959,-0.035045698,0.422492772,0.229729638,0.859949350,-0.574078381,-0.121841773,-0.139691561,-0.301777124,-0.282780975,0.442361623,-0.012797624,0.132480204,-0.007317473,-0.004755627,0.202203706,-0.775085032,0.082670212,-0.678379536,-0.127891973,-0.416153252,-0.010645941,0.000024067,-0.166588917,-0.588319719,-0.529495597,0.526870608,0.382033944,-0.004491856,-0.000017892
0.099223383,-0.311519027,0.751755059,0.096634790,-0.040900305,0.989110529,-0.103195049,-0.036162563,0.421526313,0.229995072,0.860160887,-0.573652625,-0.121684618,-0.141360641,-0.303200692,-0.282642394,0.444043487,-0.013150210,0.132229716,-0.007327211,-0.004554998,0.202063635,-0.775025487,0.083301976,-0.677154839,-0.127576128,-0.416456133,-0.010707326,0.000023953,-0.166145504,-0.589304268,-0.527542531,0.527535558,0.380959898,-0.004468804,-0.000017886
0.099515043,-0.311590672,0.751735151,0.096313052,-0.040495481,0.989123523,-0.103529818,-0.037337556,0.420464367,0.230317056,0.860400677,-0.573286235,-0.121520616,-0.143130243,-0.304815590,-0.282521367,0.445935518,-0.013618076,0.131966829,-0.007317199,-0.004146935,0.201879323,-0.775075555,0.083944991,-0.675900280,-0.127236456,-0.416774064,-0.010775703,0.000023886,-0.165779874,-0.590172231,-0.525312603,0.528212309,0.379817307,-0.004436410,-0.000017877
0.099943191,-0.311589122,0.751695275,0.096095771,-0.040059924,0.989131927,-0.103821598,-0.038533557,0.419458628,0.230655476,0.860764980,-0.572847009,-0.121349938,-0.145111606,-0.306456894,-0.282392889,0.448197454,-0.014119716,0.131691277,-0.007448747,-0.003764302,0.201712623,-0.775282860,0.084609427,-0.674550354,-0.126837149,-0.417111993,-0.010852029,0.000023777,-0.165451393,-0.591110885,-0.522900224,0.528918922,0.378607124,-0.004396379,-0.000017859
0.100404330,-0.311585337,0.751635134,0.095858447,-0.039622054,0.989144444,-0.104091465,-0.039833955,0.418491304,0.231058151,0.861217260,-0.572412610,-0.121172719,-0.147369280,-0.308176339,-0.282272846,0.450781047,-0.014732392,0.131402925,-0.007706169,-0.003288415,0.201702476,-0.775616288,0.085318290,-0.673099041,-0.126337230,-0.417462647,-0.010931507,0.000023652,-0.165140823,-0.592042863,-0.520262241,0.529644668,0.377323747,-0.004349876,-0.000017837
0.100824714,-0.311594725,0.751566350,0.095562048,-0.039221689,0.989158154,-0.104383372,-0.041231401,0.417634904,0.231483370,0.861692727,-0.571996152,-0.120989121,-0.149842918,-0.309926659,-0.282230675,0.453711450,-0.015518781,0.131101608,-0.008000624,-0.002886563,0.201743469,-0.776065946,0.086033985,-0.671560764,-0.125698671,-0.417829663,-0.011005337,0.000023558,-0.165036261,-0.593121588,-0.517398298,0.530271173,0.375959963,-0.004316798,-0.000017830
0.101301655,-0.311628789,0.751471996,0.095286854,-0.038847774,0.989167154,-0.104689971,-0.042744454,0.416860580,0.231935188,0.862335622,-0.571655452,-0.120799266,-0.152510494,-0.311754256,-0.282240421,0.457003444,-0.016425524,0.130787224,-0.008298206,-0.002576013,0.201845929,-0.776633263,0.086739577,-0.669956863,-0.124918677,-0.418209344,-0.011075386,0.000023519,-0.165187776,-0.594356418,-0.514287174,0.530776620,0.374515086,-0.004299528,-0.000017817
0.101635672,-0.311749160,0.751362383,0.094903536,-0.038530190,0.989181876,-0.105014794,-0.044283595,0.416188002,0.232476428,0.863041222,-0.571475446,-0.120603308,-0.155374140,-0.313685447,-0.282331795,0.460719615,-0.017625576,0.130459577,-0.008730573,-0.002140916,0.201974243,-0.777351558,0.087410234,-0.668304443,-0.124021046,-0.418593615,-0.011148062,0.000023475,-0.165457398,-0.595650792,-0.510901153,0.531221926,0.372990519,-0.004284285,-0.000017808
0.101965539,-0.311798185,0.751230836,0.094581142,-0.038234673,0.989197969,-0.105261728,-0.045689017,0.415783644,0.233085364,0.863820314,-0.571307600,-0.120401375,-0.158426031,-0.315538675,-0.282485306,0.464974821,-0.019107534,0.130118474,-0.009517807,-0.001804091,0.201974794,-0.778246224,0.088003069,-0.666621804,-0.123032026,-0.418977946,-0.011230543,0.000023456,-0.165826902,-0.597222209,-0.507332742,0.531578958,0.371367812,-0.004283484,-0.000017792
0.102298863,-0.311795831,0.751064181,0.094323769,-0.037950613,0.989214718,-0.105439238,-0.046984423,0.415617019,0.233781382,0.864747882,-0.571198583,-0.120193519,-0.161682770,-0.317386895,-0.282681435,0.469817072,-0.020867990,0.129763767,-0.010648404,-0.001486291,0.201921687,-0.779276311,0.088546112,-0.664880097,-0.121892005,-0.419362366,-0.011316802,0.000023509,-0.166300833,-0.599021077,-0.503540039,0.531859219,0.369643897,-0.004291242,-0.000017780
0.102570266,-0.311772615,0.750853479,0.094090752,-0.037690572,0.989232481,-0.105572306,-0.048159074,0.415709734,0.234602556,0.865812302,-0.571216047,-0.119979747,-0.165157005,-0.319277406,-0.282939196,0.475343883,-0.023023779,0.129395396,-0.012156978,-0.001115339,0.201848760,-0.780412018,0.089064620,-0.663066387,-0.120559864,-0.419746310,-0.011403496,0.000023556,-0.166869208,-0.601062834,-0.499514818,0.532068551,0.367822587,-0.004304352,-0.000017783
0.102708414,-0.311803937,0.750588357,0.093805403,-0.037475374,0.989254296,-0.105698563,-0.049292598,0.416024059,0.235565469,0.867076516,-0.571472824,-0.119759984,-0.168881565,-0.321306348,-0.283274233,0.481594026,-0.025647776,0.129013389,-0.013944793,-0.000511909,0.201922491,-0.781599045,0.089588799,-0.661180139,-0.118917443,-0.420135856,-0.011467105,0.000023578,-0.167522147,-0.603072464,-0.495081365,0.532226384,0.365921736,-0.004302147,-0.000017792
0.102878481,-0.311652631,0.750266373,0.093600176,-0.037230041,0.989280760,-0.105719849,-0.050353557,0.416725188,0.236647248,0.868485749,-0.571688175,-0.119534127,-0.172977895,-0.323285341,-0.283692628,0.488664836,-0.028782897,0.128617689,-0.016200032,0.000298746,0.202187523,-0.782891631,0.090126783,-0.659193993,-0.116906039,-0.420526892,-0.011497583,0.000023580,-0.168244481,-0.605119705,-0.490262240,0.532322228,0.363929868,-0.004290393,-0.000017789
0.102778375,-0.311711282,0.749896705,0.093262494,-0.037132010,0.989284456,-0.106016599,-0.051578794,0.417699546,0.237712905,0.870164573,-0.572310448,-0.119301938,-0.177004844,-0.325542957,-0.284401596,0.496467710,-0.032507654,0.128208458,-0.017952612,0.001180123,0.202411279,-0.784279048,0.090608038,-0.657134712,-0.114491127,-0.420916617,-0.011485142,0.000023560,-0.169677451,-0.606616378,-0.484544992,0.531993270,0.361806214,-0.004316735,-0.000017782
0.102600075,-0.311640650,0.749468386,0.093018338,-0.037080780,0.989279807,-0.106292196,-0.052648660,0.419248968,0.238834828,0.872058511,-0.573018014,-0.119063146,-0.181204647,-0.327715993,-0.285314888,0.505268335,-0.036915176,0.127785563,-0.020007581,0.002070518,0.202523381,-0.785837948,0.091115057,-0.654846311,-0.111693643,-0.421302795,-0.011445604,0.000023527,-0.171449050,-0.608279049,-0.478389859,0.531498194,0.359558880,-0.004350160,-0.000017774
0.102231592,-0.311439395,0.748978198,0.092777170,-0.037109580,0.989278197,-0.106506154,-0.053567261,0.421480060,0.240024626,0.874131620,-0.573844194,-0.118817352,-0.185704485,-0.329748988,-0.286468625,0.515190601,-0.042109635,0.127349019,-0.022485098,0.003057630,0.202675521,-0.787628472,0.091658376,-0.652261198,-0.108522333,-0.421690375,-0.011382061,0.000023470,-0.173418388,-0.610130072,-0.471802801,0.530897856,0.357193828,-0.004376736,-0.000017771
0.101612352,-0.311151296,0.748422801,0.092508152,-0.037274558,0.989277244,-0.106692083,-0.054356329,0.424479038,0.241237134,0.876421809,-0.574877858,-0.118563905,-0.190419436,-0.331599474,-0.287911594,0.526209116,-0.048131954,0.126898974,-0.025254428,0.004022898,0.202772424,-0.789708078,0.092306577,-0.649231851,-0.104972765,-0.422079653,-0.011299609,0.000023444,-0.175644621,-0.612258554,-0.464797407,0.530114830,0.354698777,-0.004416073,-0.000017764
0.100876801,-0.310584724,0.747774661,0.092331685,-0.037524752,0.989278615,-0.106746078,-0.054978032,0.428406417,0.242427677,0.878962517,-0.575978756,-0.118301891,-0.195428759,-0.333092749,-0.289615959,0.538377821,-0.054979447,0.126435697,-0.028450154,0.005032574,0.202884272,-0.792040527,0.093162231,-0.645647228,-0.101033874,-0.422464758,-0.011198889,0.000023437,-0.177934557,-0.614747524,-0.457439542,0.529261708,0.352070063,-0.004449246,-0.000017752
0.099884033,-0.309823513,0.747005165,0.092125475,-0.037899833,0.989285648,-0.106726326,-0.055516750,0.433266610,0.243580014,0.881816208,-0.577346921,-0.118030019,-0.200692758,-0.334319800,-0.291616946,0.551654398,-0.062758178,0.125959754,-0.031860668,0.006287038,0.203113467,-0.794531822,0.094243102,-0.641529083,-0.096643053,-0.422849208,-0.011060851,0.000023448,-0.180371791,-0.617445409,-0.449587822,0.528318167,0.349311024,-0.004472821,-0.000017749
0.098427400,-0.308816016,0.746128023,0.091723293,-0.038448464,0.989314497,-0.106608048,-0.055968069,0.439250380,0.244651929,0.884778202,-0.578958750,-0.117746517,-0.206259876,-0.335094541,-0.294001549,0.565995812,-0.071677424,0.125471801,-0.035511542,0.007868541,0.203534916,-0.797064424,0.095603481,-0.636844516,-0.091722749,-0.423238128,-0.010867863,0.000023423,-0.182906315,-0.620353341,-0.441245764,0.527319252,0.346433431,-0.004481882,-0.000017755
0.096717902,-0.307374954,0.745138049,0.091245137,-0.039110329,0.989363313,-0.106323354,-0.056424450,0.446428835,0.245566458,0.887823761,-0.580563188,-0.117448881,-0.212134734,-0.335226983,-0.296760947,0.581156850,-0.081572674,0.124972716,-0.039318345,0.009761501,0.204192981,-0.799573898,0.097251341,-0.631580293,-0.086353652,-0.423632324,-0.010633060,0.000023379,-0.185609609,-0.623554111,-0.432442039,0.526234090,0.343452185,-0.004474877,-0.000017744
0.094473854,-0.305545896,0.744091392,0.090487398,-0.040013764,0.989435136,-0.105967864,-0.056879785,0.454972267,0.246171907,0.890608907,-0.582147479,-0.117133625,-0.218033001,-0.334463507,-0.300089478,0.596783340,-0.092556804,0.124463633,-0.042893369,0.011617630,0.204690576,-0.801949620,0.099168576,-0.625774026,-0.080637641,-0.424033821,-0.010365876,0.000023324,-0.188816443,-0.627245903,-0.423168093,0.524835587,0.340351105,-0.004501338,-0.000017737
0.091634497,-0.303077996,0.743060946,0.089390106,-0.041173920,0.989532650,-0.105541959,-0.057312414,0.465145022,0.246293440,0.892580569,-0.583273113,-0.116795868,-0.223875791,-0.332372069,-0.304220915,0.612646401,-0.104695335,0.123945884,-0.046079822,0.013183035,0.204791680,-0.803967834,0.101440087,-0.619441092,-0.074685134,-0.424441874,-0.010087253,0.000023314,-0.192633078,-0.631711841,-0.413559288,0.523028910,0.337143302,-0.004583526,-0.000017738
0.088319682,-0.300198913,0.742049873,0.088047072,-0.042670246,0.989627719,-0.105184831,-0.057840791,0.476733118,0.245826155,0.893933177,-0.584076881,-0.116428562,-0.229187414,-0.329070479,-0.309212774,0.628171384,-0.117590226,0.123421028,-0.048143055,0.014476996,0.204279929,-0.805358350,0.104079627,-0.612638235,-0.068681449,-0.424843073,-0.009835202,0.000023361,-0.197025955,-0.636425912,-0.403343737,0.520815372,0.333850056,-0.004701684,-0.000017720
0.084663197,-0.296382219,0.741149783,0.086537361,-0.044435892,0.989754319,-0.104512885,-0.058146853,0.490177095,0.244782642,0.893937945,-0.583731055,-0.116022170,-0.234242991,-0.323685020,-0.315162748,0.643074155,-0.131175637,0.122890741,-0.049948245,0.015053186,0.202951878,-0.805795729,0.107324220,-0.605271935,-0.062747687,-0.425240517,-0.009645913,0.000023438,-0.201500148,-0.642370403,-0.393285275,0.518466651,0.330506384,-0.004843985,-0.000017705
0.080374122,-0.291875690,0.740441918,0.084568940,-0.046584692,0.989886284,-0.103937671,-0.058658611,0.505360723,0.243054897,0.892292619,-0.582263768,-0.115563124,-0.238515586,-0.316337347,-0.322255582,0.656684220,-0.145549029,0.122356988,-0.050307799,0.014915657,0.200665042,-0.804907382,0.111082010,-0.597671032,-0.057156298,-0.425626367,-0.009559558,0.000023500,-0.206522197,-0.649287701,-0.383128107,0.515796840,0.327122837,-0.005025461,-0.000017705
0.075618796,-0.286589921,0.740035951,0.082354605,-0.048954919,0.989985943,-0.103676043,-0.059671320,0.522035062,0.240522698,0.889329553,-0.579420090,-0.115046754,-0.241360188,-0.307134390,-0.330496043,0.668340266,-0.160455629,0.121821702,-0.048149828,0.013866732,0.197242871,-0.801896870,0.115377642,-0.590322971,-0.052082766,-0.426000446,-0.009588478,0.000023613,-0.212431312,-0.657067299,-0.372763842,0.512684882,0.323722154,-0.005266313,-0.000017704
0.070250623,-0.280454665,0.740020216,0.080000535,-0.051337056,0.990064919,-0.103616416,-0.061323501,0.539720833,0.237072617,0.886301637,-0.575486779,-0.114484459,-0.242122024,-0.296277314,-0.339634031,0.677149594,-0.175671488,0.121286616,-0.042593382,0.011246176,0.192471728,-0.795903206,0.120415673,-0.583473206,-0.047510613,-0.426363945,-0.009737988,0.000023695,-0.219457105,-0.665980160,-0.362358242,0.509027362,0.320346773,-0.005603224,-0.000017723
0.064180441,-0.273095965,0.740885615,0.077747576,-0.053313799,0.990190148,-0.103133962,-0.063583069,0.557279348,0.232886702,0.885105133,-0.570824564,-0.113891788,-0.240368918,-0.283147424,-0.349231303,0.682350636,-0.190520272,0.120753594,-0.033782844,0.005873380,0.186313480,-0.785853922,0.126635686,-0.577211499,-0.043273937,-0.426728338,-0.009996584,0.000023742,-0.227229163,-0.677226186,-0.352796406,0.505022645,0.317005217,-0.006043051,-0.000017779
0.056716144,-0.263366252,0.743237972,0.075956151,-0.054181125,0.990465403,-0.101358637,-0.067561656,0.571680248,0.229274020,0.888309538,-0.566486120,-0.113286242,-0.234820858,-0.266674191,-0.359166950,0.683408558,-0.205124080,0.120223604,-0.021133894,-0.002620194,0.179073825,-0.770652771,0.134307295,-0.571812212,-0.039296988,-0.427101403,-0.010369308,0.000023824,-0.235487416,-0.691231728,-0.344500065,0.500886679,0.313698024,-0.006566581,-0.000017880
0.048404019,-0.253235877,0.746075749,0.074478358,-0.055730928,0.990606487,-0.100227900,-0.073633537,0.582130730,0.226971626,0.895900846,-0.562166452,-0.112681389,-0.225382417,-0.247335091,-0.370467812,0.681041181,-0.219360828,0.119697295,-0.003634505,-0.013875888,0.170739755,-0.749840319,0.143316850,-0.567522526,-0.035556912,-0.427524298,-0.010853841,0.000023872,-0.245051190,-0.708304405,-0.337529778,0.496292979,0.310501963,-0.007257279,-0.000017936
0.039904263,-0.242118493,0.749551654,0.073548637,-0.056898553,0.990685582,-0.099475019,-0.081700318,0.589022696,0.226268277,0.908567607,-0.558030605,-0.112079374,-0.212975621,-0.226580739,-0.382441491,0.675280333,-0.232635587,0.119174898,0.017602732,-0.027807582,0.162047729,-0.722799242,0.153904274,-0.564441800,-0.031747777,-0.427967280,-0.011406415,0.000023874,-0.255412430,-0.729453802,-0.332780421,0.491582543,0.307443678,-0.008120748,-0.000018000
0.031838074,-0.230906084,0.753022134,0.073559307,-0.058306202,0.990604699,-0.099457689,-0.093258351,0.590415657,0.228610098,0.927020252,-0.554661095,-0.111480199,-0.197645754,-0.204599738,-0.395311177,0.666846454,-0.244526714,0.118656300,0.042953346,-0.043861404,0.154131994,-0.689264297,0.165987745,-0.562839508,-0.027640119,-0.428412914,-0.011986823,0.000023861,-0.266814083,-0.754887700,-0.330388963,0.486841410,0.304570943,-0.009177883,-0.000018079
0.023820717,-0.219730839,0.756462038,0.074220262,-0.060459599,0.990360618,-0.100109406,-0.109374456,0.583654583,0.234901339,0.951165974,-0.552571118,-0.110883832,-0.179910406,-0.180769533,-0.409366220,0.656161427,-0.255288512,0.118141830,0.072867140,-0.060955927,0.148257196,-0.648576140,0.179958537,-0.562721431,-0.022605347,-0.428867817,-0.012483132,0.000023834,-0.279052705,-0.784075856,-0.330258936,0.482353181,0.301928490,-0.010405296,-0.000018207
0.015929436,-0.208582595,0.759532452,0.076012865,-0.064117841,0.989940464,-0.100639746,-0.130276740,0.566207111,0.245512411,0.979572713,-0.551535070,-0.110290274,-0.160087854,-0.153183594,-0.424544543,0.644461930,-0.264505178,0.117632486,0.106711522,-0.078197449,0.144541726,-0.600748599,0.196114838,-0.564019024,-0.016466912,-0.429324836,-0.012874428,0.000023777,-0.291485727,-0.816614687,-0.332394511,0.478455096,0.299496949,-0.011784640,-0.000018257
0.008160200,-0.197755486,0.762505710,0.078685269,-0.068991199,0.989303589,-0.101623230,-0.155145690,0.540373743,0.259313732,1.009348989,-0.551010489,-0.109699495,-0.139223844,-0.123652890,-0.440365762,0.633171082,-0.270914674,0.117130741,0.143877760,-0.094286695,0.143091068,-0.546108067,0.214392349,-0.567029357,-0.009256093,-0.429751575,-0.013150095,0.000023717,-0.303015441,-0.850613654,-0.335974425,0.475614637,0.297301561,-0.013245090,-0.000018307
0.001023136,-0.187127829,0.765393496,0.082734391,-0.074915498,0.988412142,-0.102878839,-0.182469398,0.509267926,0.274540871,1.036759734,-0.550305843,-0.109111488,-0.118586592,-0.092931837,-0.456304133,0.625272572,-0.271708310,0.116639413,0.182549134,-0.108845688,0.143548980,-0.485509187,0.235345438,-0.571140647,-0.000781645,-0.430120021,-0.013316655,0.000023624,-0.312268525,-0.884896934,-0.340790391,0.474453032,0.295350671,-0.014740295,-0.000018268
-0.005602622,-0.177286416,0.768620253,0.088860765,-0.083219111,0.986951947,-0.105375357,-0.210184470,0.476560652,0.289147079,1.057601213,-0.548223913,-0.108526237,-0.099290155,-0.060983513,-0.472610325,0.627030551,-0.260712087,0.116161771,0.220475212,-0.120925300,0.145568267,-0.420137882,0.258900702,-0.576157689,0.008809639,-0.430456161,-0.013409282,0.000023533,-0.317288607,-0.917094350,-0.345944613,0.475762635,0.293626308,-0.016170053,-0.000018221
-0.012594579,-0.168226674,0.772747159,0.097576685,-0.094636232,0.984538436,-0.110484421,-0.235858575,0.446647674,0.300445139,1.068019748,-0.543810964,-0.107943729,-0.081996940,-0.028003177,-0.488685161,0.645408392,-0.231259942,0.115697943,0.254727393,-0.129881173,0.148335367,-0.351680577,0.285059690,-0.581585705,0.019329172,-0.430801302,-0.013485597,0.000023400,-0.315967768,-0.944954634,-0.350761116,0.480425328,0.292139918,-0.017426020,-0.000018225
-0.021560986,-0.159713745,0.779306412,0.108038299,-0.110207237,0.980626881,-0.120636694,-0.256433725,0.423934728,0.305899233,1.065819502,-0.536248505,-0.107363947,-0.067700274,0.005247041,-0.503668666,0.684570253,-0.181396544,0.115247190,0.282373101,-0.135668203,0.150739327,-0.281854302,0.313281476,-0.587151229,0.030590132,-0.431132495,-0.013579954,0.000023256,-0.306760043,-0.966652632,-0.354728490,0.489057720,0.290883750,-0.018460985,-0.000018194
-0.030236151,-0.152597532,0.784816623,0.120211706,-0.128431737,0.975674868,-0.130816057,-0.269529074,0.411408156,0.304250658,1.051239967,-0.525951087,-0.106786869,-0.058863796,0.034792766,-0.516332030,0.738870144,-0.120892160,0.114805505,0.301438451,-0.137656152,0.151934817,-0.212803647,0.342527270,-0.592720330,0.042095650,-0.431452245,-0.013769241,0.000023141,-0.288828045,-0.980499506,-0.357140362,0.502091825,0.289880961,-0.019203026,-0.000018197
-0.038817536,-0.146492586,0.788925290,0.134458110,-0.148638919,0.969327867,-0.142234892,-0.273557186,0.411668509,0.295026779,1.025987148,-0.514341831,-0.106212489,-0.057575561,0.057224259,-0.525313199,0.805012703,-0.055087149,0.114370070,0.309758872,-0.135984093,0.151927799,-0.146515951,0.371431082,-0.598673701,0.053587534,-0.431773156,-0.014024756,0.000023061,-0.261800915,-0.985361159,-0.357513756,0.519818068,0.289127499,-0.019599359,-0.000018264
-0.046368528,-0.141740873,0.792259753,0.148523167,-0.168575987,0.961554110,-0.157913044,-0.268102944,0.424483091,0.279794753,0.994398117,-0.504327476,-0.105640799,-0.066066109,0.070263714,-0.529626489,0.879266560,0.011211030,0.113938555,0.305734247,-0.130071148,0.151902363,-0.084988758,0.398552030,-0.605561256,0.064927682,-0.432109982,-0.014275318,0.000022939,-0.225702092,-0.980298340,-0.355454743,0.542944193,0.288692415,-0.019450156,-0.000018387
-0.053645730,-0.136908904,0.795300007,0.160409108,-0.194276392,0.951374650,-0.177234858,-0.255260527,0.447390139,0.260306805,0.960509062,-0.497251481,-0.105071761,-0.083272912,0.073349774,-0.527456641,0.961014271,0.075698420,0.113510884,0.289049506,-0.119207695,0.152610019,-0.030294094,0.423246056,-0.613538027,0.076245219,-0.432453960,-0.014426907,0.000022779,-0.181376398,-0.965168118,-0.350943565,0.572004318,0.288697392,-0.018533757,-0.000018650
-0.059401602,-0.134004563,0.799208164,0.169219553,-0.217023119,0.941237628,-0.195799708,-0.241315708,0.488223135,0.230971843,0.922483027,-0.493353516,-0.104505382,-0.105819546,0.058370970,-0.512042761,1.048502803,0.135446399,0.113087058,0.262001783,-0.104947880,0.156480223,0.016131824,0.444570452,-0.623264968,0.087888874,-0.432759523,-0.014292246,0.000022646,-0.131149605,-0.940779448,-0.343935966,0.606460273,0.289186418,-0.016798129,-0.000018843
-0.064800128,-0.131746024,0.805271626,0.178207189,-0.241647601,0.930208445,-0.211094007,-0.230113655,0.542140901,0.194394499,0.883054435,-0.488841832,-0.103986330,-0.132554859,0.027152786,-0.481793046,1.138098001,0.188249230,0.112667121,0.226979047,-0.086229436,0.164472058,0.052363146,0.462112993,-0.634580433,0.099792324,-0.433032662,-0.013861170,0.000022408,-0.077192210,-0.908115149,-0.334494382,0.645650446,0.290221661,-0.014192830,-0.000019028
-0.069919169,-0.130475789,0.810451269,0.186976328,-0.269077241,0.917077422,-0.227169752,-0.226277277,0.604164362,0.156331554,0.843056262,-0.480366886,-0.103622235,-0.159752026,-0.017516950,-0.435196161,1.224837661,0.235578522,0.112251058,0.185199782,-0.062491108,0.175222114,0.075663969,0.475948095,-0.646504819,0.111076817,-0.433245599,-0.013342457,0.000022190,-0.022213141,-0.869646430,-0.323456109,0.688212276,0.291919142,-0.010895834,-0.000019316
-0.076253176,-0.128801405,0.816399932,0.194465622,-0.296323448,0.903304577,-0.241694838,-0.229341626,0.670791209,0.116922997,0.802432418,-0.467963368,-0.103389554,-0.187471822,-0.072349727,-0.372396916,1.302047729,0.278243750,0.111838847,0.139158949,-0.035812002,0.187375143,0.085021958,0.485611022,-0.658439338,0.121189214,-0.433463097,-0.012882864,0.000021844,0.031025980,-0.828012228,-0.311540723,0.732350886,0.294282794,-0.007174661,-0.000019511
-0.081648156,-0.126887247,0.822114587,0.201464504,-0.323233277,0.889145136,-0.253678977,-0.239503875,0.738817990,0.077441975,0.760866344,-0.451224923,-0.103320993,-0.217357442,-0.135251790,-0.294756055,1.361277103,0.315887213,0.111430518,0.091758460,-0.007390985,0.201306015,0.080952093,0.490982175,-0.669946373,0.130043730,-0.433665931,-0.012505664,0.000021394,0.079792403,-0.785635233,-0.299402744,0.775922120,0.297327727,-0.003390564,-0.000019726
-0.087814711,-0.123094320,0.827031076,0.207587332,-0.349037319,0.874526203,-0.265111446,-0.257182449,0.808483601,0.040016368,0.716975689,-0.431261927,-0.103438653,-0.249800578,-0.205574557,-0.203612775,1.395100594,0.348035872,0.111026041,0.044169523,0.021171620,0.216959655,0.064434297,0.491903991,-0.680806458,0.137611791,-0.433820367,-0.012238633,0.000020986,0.122900084,-0.744625807,-0.287769914,0.817560256,0.300994009,0.000237203,-0.000019867
-0.093643785,-0.118748300,0.830375135,0.214148015,-0.374218732,0.859259725,-0.275270581,-0.279499918,0.878027022,0.004325434,0.671208680,-0.410303175,-0.103656091,-0.288103074,-0.281197399,-0.102392100,1.396955609,0.373845994,0.110625446,-0.002361512,0.048871417,0.234499246,0.037148461,0.489061683,-0.690323055,0.144091159,-0.433967084,-0.012152800,0.000020775,0.160056978,-0.706383765,-0.277211547,0.856210828,0.305258065,0.003508367,-0.000019953
-0.099768452,-0.115519263,0.832949519,0.220702872,-0.398082346,0.844765186,-0.281410962,-0.301903099,0.945053458,-0.032201115,0.625872910,-0.389306933,-0.103923269,-0.335921139,-0.358293444,0.003784559,1.363380432,0.392736584,0.110228680,-0.046138376,0.074126035,0.254004389,0.001222296,0.483048767,-0.698189676,0.149744391,-0.434074700,-0.012272719,0.000020588,0.191075191,-0.671768188,-0.268004745,0.890939534,0.310027808,0.006279335,-0.000019993
-0.105354086,-0.110235661,0.833597064,0.228990078,-0.419495314,0.830466866,-0.286202371,-0.324483246,1.009487510,-0.068098962,0.581008613,-0.369505852,-0.104247324,-0.393425971,-0.433161825,0.109729260,1.296263218,0.404684752,0.109835841,-0.086662844,0.094861291,0.275775194,-0.041645706,0.474519789,-0.704041481,0.154923424,-0.434169739,-0.012598984,0.000020484,0.216338903,-0.641524136,-0.260520756,0.921201408,0.315292537,0.008434770,-0.000019984
-0.112224340,-0.103530049,0.833462775,0.237905174,-0.437648505,0.817266762,-0.289724380,-0.345240504,1.070339322,-0.104394376,0.537887216,-0.350937307,-0.104599312,-0.460429192,-0.501915395,0.210822299,1.200625658,0.410013676,0.109446809,-0.124064870,0.109482937,0.299419761,-0.089250766,0.464125186,-0.708040476,0.160386801,-0.434293985,-0.012996896,0.000020361,0.236763865,-0.615260601,-0.254767030,0.947007239,0.321057260,0.009994158,-0.000019995
-0.119470105,-0.095408149,0.832053244,0.248554870,-0.452598900,0.804179430,-0.294397354,-0.364408016,1.126391530,-0.139995337,0.496349037,-0.334868699,-0.104971305,-0.534673810,-0.561479151,0.303472638,1.085973382,0.409731716,0.109061688,-0.159417912,0.117193997,0.324457198,-0.139939472,0.452242374,-0.710406184,0.166632429,-0.434441090,-0.013375451,0.000020222,0.253716081,-0.592677414,-0.250839353,0.968684912,0.327375859,0.011036579,-0.000019997
-0.128856808,-0.084028438,0.831090093,0.260804862,-0.463576168,0.791355312,-0.301388353,-0.382225066,1.177323818,-0.174364835,0.456711173,-0.320174217,-0.105352618,-0.611843109,-0.610690773,0.386449844,0.965902448,0.404599547,0.108680427,-0.193714783,0.118103370,0.349459469,-0.191608980,0.439215988,-0.711725116,0.174292818,-0.434597254,-0.013577625,0.000020006,0.268134654,-0.573069155,-0.248622894,0.986585677,0.334299088,0.011679670,-0.000019996
-0.137675807,-0.075043529,0.831268728,0.270944238,-0.472699404,0.780146241,-0.307434678,-0.399334162,1.216594934,-0.204767197,0.421848834,-0.306089193,-0.105738565,-0.685339987,-0.647283077,0.456513613,0.856988668,0.397038728,0.108303018,-0.226291671,0.114774108,0.372485697,-0.242860809,0.424825281,-0.712629557,0.183552250,-0.434709996,-0.013530022,0.000019973,0.279458225,-0.556783795,-0.248118058,1.000417471,0.341818213,0.011888336,-0.000019959
-0.141657040,-0.068465225,0.832777798,0.274685889,-0.480502188,0.774811685,-0.305503160,-0.415156633,1.244454861,-0.231400236,0.392725557,-0.291246772,-0.106127553,-0.749981940,-0.676593244,0.514523804,0.775283754,0.388486177,0.107929491,-0.256440520,0.109599747,0.391584843,-0.292558163,0.408833265,-0.713563621,0.194296136,-0.434738159,-0.013239860,0.000019791,0.286937714,-0.544280231,-0.249255627,1.009933949,0.349832505,0.011621986,-0.000019937
-0.145757973,-0.064588606,0.834077954,0.279569119,-0.486852616,0.769806147,-0.303667724,-0.428526878,1.262403727,-0.254660547,0.369997591,-0.276016653,-0.106519513,-0.807461441,-0.704709411,0.558506012,0.727093697,0.379787982,0.107559815,-0.284439564,0.103591494,0.407091230,-0.339895636,0.391522408,-0.714642227,0.206324607,-0.434650630,-0.012740616,0.000019467,0.291516304,-0.535295606,-0.251923978,1.015672088,0.358265609,0.010957641,-0.000019920
-0.148399681,-0.061016649,0.834408939,0.279883206,-0.493515491,0.766986728,-0.299731851,-0.440255672,1.267116427,-0.273661673,0.353197396,-0.259452760,-0.106914155,-0.854797482,-0.729889691,0.590478420,0.707604229,0.374319226,0.107193992,-0.309439659,0.098097913,0.418285936,-0.384933293,0.372982532,-0.715828717,0.219089523,-0.434406519,-0.012153959,0.000019176,0.293136746,-0.529887676,-0.255931497,1.017775893,0.366982758,0.009920409,-0.000019927
-0.150390178,-0.054763295,0.831711173,0.275784463,-0.498207897,0.767796040,-0.293634325,-0.450410485,1.267124295,-0.288148820,0.342236876,-0.241599187,-0.107311487,-0.891566634,-0.751161397,0.610177040,0.713845432,0.373628408,0.106832042,-0.331381351,0.092499293,0.425329059,-0.427122235,0.353232563,-0.717564046,0.232313514,-0.433999717,-0.011485032,0.000019000,0.292869538,-0.529115617,-0.261518449,1.016998053,0.375878572,0.008643570,-0.000019913
-0.152288407,-0.049905669,0.828002214,0.271886081,-0.501520097,0.769112766,-0.288133860,-0.458824277,1.267129302,-0.298816890,0.336551011,-0.223649383,-0.107711852,-0.919071913,-0.767233968,0.618495762,0.744554996,0.376588911,0.106473915,-0.351792783,0.086143434,0.429900736,-0.465149432,0.332530200,-0.720387399,0.246123031,-0.433451295,-0.010646997,0.000018877,0.293520570,-0.532371759,-0.268549770,1.015053272,0.384772748,0.007478826,-0.000019920
-0.155157983,-0.047091756,0.825434268,0.267470002,-0.502623022,0.771627605,-0.283585399,-0.466514409,1.267131329,-0.304920614,0.335757792,-0.208711743,-0.108116157,-0.936221242,-0.775544405,0.615217686,0.797684610,0.382013321,0.106119685,-0.368950844,0.079682373,0.432288975,-0.498041123,0.311653376,-0.724291384,0.260568768,-0.432757676,-0.009626538,0.000018752,0.294425309,-0.537932754,-0.276335925,1.011841416,0.393580765,0.006426630,-0.000019975
-0.157101974,-0.044670925,0.823406279,0.263480633,-0.502690434,0.774864376,-0.278325886,-0.473730683,1.267135024,-0.306473106,0.339444786,-0.199161023,-0.108527355,-0.943553388,-0.775880098,0.600670516,0.867705822,0.389157504,0.105769262,-0.381554991,0.073165424,0.432671934,-0.525191307,0.291487932,-0.729008436,0.275462359,-0.431919932,-0.008481694,0.000018667,0.295547873,-0.544716060,-0.284443587,1.007497668,0.402188331,0.005529501,-0.000020011
-0.157927185,-0.042395875,0.821730196,0.260414332,-0.501832426,0.778503060,-0.272545904,-0.479917765,1.267137289,-0.303687155,0.347947180,-0.195240185,-0.108949594,-0.941647947,-0.767200828,0.574088395,0.948526204,0.397142380,0.105422698,-0.388852090,0.066690430,0.430122793,-0.546815455,0.272401482,-0.734172702,0.290163547,-0.430931389,-0.007355764,0.000018499,0.296538740,-0.552175164,-0.292633832,1.001927376,0.410553157,0.004751229,-0.000020094
-0.157907993,-0.040237412,0.819963753,0.257754505,-0.500252068,0.782791972,-0.265607566,-0.484637082,1.267137289,-0.296582460,0.361154616,-0.196115538,-0.109388448,-0.930780411,-0.748685777,0.534984350,1.034976363,0.405614614,0.105079956,-0.390881240,0.060276695,0.423781157,-0.563335419,0.254727006,-0.739354372,0.303852975,-0.429867595,-0.006423290,0.000018324,0.297645211,-0.559757054,-0.300774753,0.995279372,0.418672144,0.004097612,-0.000020159
-0.158655882,-0.038101967,0.818342924,0.254621327,-0.497693390,0.787948728,-0.258081794,-0.487865508,1.267134786,-0.285265654,0.378427178,-0.200856417,-0.109847233,-0.911537766,-0.720192492,0.483577669,1.122588158,0.414206624,0.104741029,-0.387300432,0.053845603,0.413588822,-0.574948967,0.239660501,-0.743512809,0.316773683,-0.428858846,-0.005701425,0.000018132,0.299126983,-0.566936731,-0.308767051,0.987705588,0.426537365,0.003588372,-0.000020208
-0.158458695,-0.035698641,0.816484511,0.251673996,-0.494403541,0.793872595,-0.248981744,-0.489545137,1.267129183,-0.269776195,0.399454296,-0.208168671,-0.110328965,-0.885088623,-0.682236612,0.420703799,1.206626773,0.422226310,0.104405969,-0.379294097,0.047228601,0.400190115,-0.581253946,0.226563081,-0.747737944,0.328524709,-0.427825093,-0.005133389,0.000018006,0.301183045,-0.573580146,-0.316592067,0.979189515,0.434121042,0.003199440,-0.000020278
-0.158553407,-0.033644389,0.814568818,0.248501539,-0.490544021,0.800210059,-0.239326462,-0.489242792,1.267107487,-0.251030654,0.423283935,-0.217946425,-0.110833377,-0.853053033,-0.636690259,0.348334312,1.282503605,0.429013789,0.104074717,-0.367740422,0.040424470,0.384007901,-0.582946002,0.215968326,-0.751517653,0.339115739,-0.426774263,-0.004726637,0.000017942,0.304244101,-0.579784036,-0.324369341,0.969900370,0.441440582,0.002918294,-0.000020320
-0.158096671,-0.032586593,0.812855840,0.243790433,-0.485207468,0.807228625,-0.231347561,-0.486903459,1.258615136,-0.230053380,0.449106395,-0.229948312,-0.111360140,-0.817193508,-0.586403966,0.269632787,1.346544743,0.433672398,0.103747301,-0.353323013,0.033247452,0.365942955,-0.580528319,0.207725644,-0.754932821,0.348487020,-0.425711751,-0.004450887,0.000017926,0.307975501,-0.585873663,-0.332134634,0.959673584,0.448465735,0.002700200,-0.000020340
-0.157146335,-0.031539969,0.811299086,0.237347648,-0.477996379,0.815460861,-0.224074662,-0.482786596,1.241541266,-0.207609996,0.476641178,-0.242844269,-0.111906886,-0.778328478,-0.534280300,0.188244820,1.396119595,0.435871363,0.103423677,-0.336615503,0.025239429,0.346505582,-0.574428082,0.201855615,-0.758018792,0.356694907,-0.424672097,-0.004260750,0.000017854,0.312003374,-0.592346132,-0.339990497,0.948404133,0.455162287,0.002481380,-0.000020406
-0.156537727,-0.030647447,0.810048819,0.229912087,-0.469034880,0.824347377,-0.218170688,-0.476616949,1.217847586,-0.184502229,0.505464733,-0.256297708,-0.112472206,-0.737818003,-0.481407911,0.106114693,1.429791927,0.435048521,0.103103913,-0.318258405,0.016271940,0.326120079,-0.565189660,0.197792590,-0.761001647,0.363616765,-0.423660845,-0.004126335,0.000017817,0.315640360,-0.599466503,-0.347932190,0.935844123,0.461497307,0.002203004,-0.000020483
-0.155923501,-0.029734464,0.808917105,0.222097084,-0.458468437,0.833687782,-0.213176355,-0.468439132,1.188820124,-0.160991520,0.535064280,-0.270073563,-0.113059036,-0.696762919,-0.428784966,0.025001250,1.446863055,0.430704504,0.102787912,-0.298983335,0.006429835,0.305234551,-0.553767502,0.195728019,-0.763471067,0.369412541,-0.422661871,-0.004008705,0.000017780,0.318770826,-0.607690573,-0.356105655,0.922169685,0.467442304,0.001930722,-0.000020613
-0.155322045,-0.028625062,0.807786345,0.213830084,-0.446334720,0.843581796,-0.208404005,-0.458912939,1.155481339,-0.136760697,0.565106630,-0.283854574,-0.113671295,-0.655802310,-0.377107561,-0.053387556,1.448057175,0.422716200,0.102475725,-0.279487818,-0.004196778,0.284371734,-0.541456759,0.195493013,-0.765213847,0.374195814,-0.421675980,-0.003848831,0.000017730,0.320744783,-0.617357910,-0.364533067,0.907121837,0.472977281,0.001595376,-0.000020718
-0.154590979,-0.027798520,0.806646645,0.205388695,-0.432821780,0.853627384,-0.204453081,-0.448940068,1.118752718,-0.111046031,0.595497191,-0.297849655,-0.114313833,-0.615383327,-0.327230245,-0.127702802,1.434779882,0.411221325,0.102167331,-0.260383338,-0.015098867,0.264139771,-0.529369652,0.196318030,-0.766341209,0.377720416,-0.420679361,-0.003665756,0.000017748,0.320797622,-0.628555775,-0.373091072,0.890352726,0.478060424,0.001125493,-0.000020827
-0.153733388,-0.027470607,0.805396736,0.196609005,-0.418217540,0.863687813,-0.201201305,-0.439029694,1.079149127,-0.083579794,0.625300109,-0.312408805,-0.115001895,-0.575857699,-0.279565901,-0.197016880,1.409564018,0.396445602,0.101862729,-0.242090553,-0.025774660,0.244896844,-0.518491745,0.197754785,-0.766631842,0.379778892,-0.419703424,-0.003484058,0.000017727,0.318439990,-0.641490519,-0.381734759,0.871796608,0.482631266,0.000509076,-0.000020898
-0.152453989,-0.027558377,0.803949654,0.187599346,-0.402720034,0.873746336,-0.197965920,-0.428902745,1.036928773,-0.054830458,0.653492868,-0.326973617,-0.115758412,-0.538092673,-0.233947173,-0.261081904,1.374751806,0.378670573,0.101561882,-0.225337461,-0.036216833,0.226818234,-0.509651959,0.199514613,-0.765842199,0.380222201,-0.418740422,-0.003333282,0.000017737,0.313632637,-0.656412184,-0.390596479,0.851633728,0.486691892,-0.000238996,-0.000020962
-0.152075782,-0.027894247,0.802581012,0.177743867,-0.386278898,0.883774638,-0.195290744,-0.418574363,0.992462099,-0.025116798,0.678674757,-0.341071844,-0.116600610,-0.502095401,-0.189808518,-0.319732755,1.332623839,0.358269513,0.101264820,-0.210500479,-0.046758816,0.209670126,-0.503295898,0.201435521,-0.763740003,0.379075170,-0.417808563,-0.003217324,0.000017792,0.306405008,-0.673262358,-0.399699539,0.830098093,0.490235388,-0.001093055,-0.000020954
-0.152331814,-0.028140489,0.801321268,0.167332262,-0.368717223,0.893679380,-0.193350956,-0.408077657,0.945568800,0.005384337,0.700324178,-0.353982270,-0.117547937,-0.468328953,-0.146488681,-0.373477191,1.284435749,0.335446209,0.100971512,-0.197359189,-0.057700705,0.193527922,-0.499632746,0.203342468,-0.760293007,0.376232028,-0.416918397,-0.003161240,0.000017849,0.296525151,-0.691825271,-0.408966601,0.807279468,0.493272930,-0.002048908,-0.000020865
-0.152285114,-0.027987378,0.800118625,0.157162979,-0.349984139,0.903263688,-0.192160085,-0.397322297,0.896230757,0.036349077,0.718129158,-0.364878684,-0.118622459,-0.436967224,-0.103991039,-0.422104597,1.231390476,0.310394377,0.100681975,-0.185853735,-0.068566352,0.178279176,-0.499109000,0.204802513,-0.755501270,0.371336937,-0.416085333,-0.003227661,0.000017953,0.283913255,-0.711799085,-0.418368995,0.783416092,0.495845228,-0.003068920,-0.000020818
-0.152326778,-0.027970158,0.799147606,0.146573484,-0.330607802,0.912564814,-0.190892771,-0.386663824,0.844909668,0.067148663,0.731379688,-0.373823464,-0.119851239,-0.407273352,-0.063239470,-0.464619607,1.174630284,0.283367068,0.100396171,-0.175311059,-0.078807287,0.163657635,-0.501774848,0.205788821,-0.749358118,0.364391685,-0.415321320,-0.003419089,0.000018099,0.268356293,-0.732940078,-0.427872032,0.758572817,0.497992456,-0.004168953,-0.000020595
-0.152362093,-0.028091025,0.798474193,0.135769263,-0.310800195,0.921445608,-0.189494118,-0.376519293,0.792234242,0.097220920,0.740357280,-0.380766928,-0.121231243,-0.378524363,-0.025414951,-0.499905765,1.115298271,0.254402220,0.100114137,-0.165328249,-0.087636970,0.149600044,-0.507503688,0.206234753,-0.741994619,0.355400950,-0.414611548,-0.003742277,0.000018260,0.250069678,-0.754939735,-0.437456727,0.733134747,0.499723762,-0.005320873,-0.000020332
-0.152090833,-0.028577482,0.798054934,0.124941893,-0.290870786,0.929813862,-0.187695608,-0.367433220,0.738808334,0.126281872,0.745941579,-0.386056960,-0.122754894,-0.350150198,0.008566462,-0.527489603,1.054592848,0.223481745,0.099835798,-0.155681342,-0.094610617,0.136384159,-0.515868247,0.206297845,-0.733622849,0.344593138,-0.413917482,-0.004152807,0.000018476,0.229597867,-0.777505636,-0.447204679,0.707626879,0.501043081,-0.006492037,-0.000019981
-0.151254967,-0.029348999,0.798010588,0.114194684,-0.270676196,0.937874377,-0.184622988,-0.359705299,0.684748292,0.153416947,0.749615431,-0.390521258,-0.124410592,-0.322160602,0.037764810,-0.547383010,0.993072033,0.190525025,0.099561214,-0.145282850,-0.099742517,0.124256775,-0.526686251,0.206199571,-0.724241912,0.332099885,-0.413260221,-0.004649844,0.000018682,0.206926256,-0.799982369,-0.456834018,0.682149768,0.501968324,-0.007701952,-0.000019655
-0.149622545,-0.029910814,0.798837960,0.103792690,-0.249872550,0.945517182,-0.181074843,-0.354155034,0.630795717,0.178378165,0.752674758,-0.394357592,-0.126147568,-0.294463426,0.061435502,-0.560158789,0.931484938,0.155445501,0.099290311,-0.133268207,-0.103416495,0.113657624,-0.539765358,0.206088766,-0.713939667,0.318137527,-0.412627339,-0.005219465,0.000018873,0.181964561,-0.821459770,-0.465887278,0.656793773,0.502529204,-0.008952544,-0.000019326
-0.147886172,-0.031236010,0.799877703,0.093449019,-0.229172185,0.952285171,-0.178607255,-0.351096570,0.577956438,0.201900512,0.756297231,-0.397183180,-0.127920493,-0.266512334,0.079133935,-0.566832721,0.870618880,0.118037045,0.099023148,-0.119923897,-0.105347015,0.104443207,-0.555112481,0.205975085,-0.702723563,0.302771389,-0.412033945,-0.005877526,0.000019061,0.155357197,-0.841184020,-0.474221349,0.632171869,0.502796471,-0.010163391,-0.000019015
-0.145608708,-0.032295875,0.800672710,0.082954213,-0.207886413,0.958577931,-0.176153928,-0.350261569,0.527927101,0.223524407,0.761331677,-0.398723572,-0.129713312,-0.238871053,0.090095289,-0.568368673,0.810541511,0.077408470,0.098759659,-0.105206355,-0.105709597,0.096957125,-0.572167158,0.205983132,-0.690801442,0.286339641,-0.411501139,-0.006570529,0.000019272,0.127537474,-0.858532131,-0.481673986,0.608694136,0.502855957,-0.011293600,-0.000018703
-0.143263295,-0.033404548,0.801671088,0.072391137,-0.187055007,0.964324534,-0.172766984,-0.350952208,0.482375145,0.242670864,0.768174469,-0.398677438,-0.131513953,-0.212211967,0.093753472,-0.565771341,0.751378000,0.032043818,0.098499857,-0.089073800,-0.103986382,0.091345042,-0.590424716,0.206212685,-0.678429842,0.269178808,-0.411040276,-0.007238040,0.000019407,0.098950289,-0.872729242,-0.487933069,0.586671591,0.502801776,-0.012299677,-0.000018343
-0.140409917,-0.034852844,0.802615047,0.062229872,-0.166247487,0.969853222,-0.166955650,-0.353514105,0.440457791,0.259914994,0.777132332,-0.397427648,-0.133317873,-0.186740413,0.091746651,-0.560336828,0.693325460,-0.018213721,0.098243713,-0.071344905,-0.100233205,0.087785378,-0.609735489,0.206819758,-0.665562212,0.251444191,-0.410679728,-0.007898364,0.000019538,0.069800429,-0.883798659,-0.493066043,0.566474140,0.502685487,-0.013142661,-0.000017944
-0.137073636,-0.036363341,0.803198695,0.054332498,-0.146871537,0.974418938,-0.161199048,-0.356319875,0.404034376,0.274061322,0.788692594,-0.395592272,-0.135125145,-0.165364072,0.081867069,-0.551855147,0.635233402,-0.072354503,0.097991303,-0.052567080,-0.094227351,0.087050989,-0.629931867,0.207907066,-0.652219117,0.233371362,-0.410416275,-0.008521807,0.000019653,0.040555511,-0.891724527,-0.497204810,0.548629999,0.502557695,-0.013761779,-0.000017554
-0.132689849,-0.037296068,0.803763807,0.048424926,-0.129122242,0.978216350,-0.155163065,-0.358217686,0.373554349,0.284643859,0.802975059,-0.393758655,-0.136935800,-0.148534402,0.065860294,-0.541206002,0.580679297,-0.125494257,0.097744718,-0.033956591,-0.086800940,0.089081503,-0.650674641,0.209230170,-0.638812363,0.215056404,-0.410252094,-0.009076755,0.000019793,0.011910115,-0.896279573,-0.500307202,0.533364952,0.502442300,-0.014141200,-0.000017131
-0.128900379,-0.036796998,0.804666579,0.043746881,-0.111566037,0.981420875,-0.149841860,-0.358081162,0.349684894,0.291278839,0.819408238,-0.392389417,-0.138749897,-0.135321960,0.046157680,-0.529543281,0.535097420,-0.170414895,0.097507529,-0.016781136,-0.079401046,0.092773519,-0.671806991,0.210517094,-0.625603497,0.196445823,-0.410200953,-0.009589680,0.000019931,-0.015713392,-0.897957325,-0.502728403,0.520967960,0.502349496,-0.014299992,-0.000016703
-0.125845715,-0.036578882,0.805518925,0.039923981,-0.095740676,0.983654201,-0.147187650,-0.354234844,0.334177077,0.293634057,0.836894512,-0.391510725,-0.140567467,-0.125865519,0.024073439,-0.518118083,0.501582205,-0.203117028,0.097281851,-0.002064375,-0.073056899,0.097234659,-0.693075180,0.212193802,-0.612102926,0.177801400,-0.410471559,-0.010092431,0.000020109,-0.041673351,-0.897001028,-0.504812360,0.511903763,0.502290905,-0.014197116,-0.000016337
-0.123257034,-0.036279920,0.806335986,0.036973201,-0.081140399,0.985114396,-0.146964699,-0.346219867,0.329697311,0.292063057,0.853448868,-0.390410990,-0.142388567,-0.119967595,-0.000286050,-0.507566988,0.480340779,-0.223976716,0.097068794,0.009098403,-0.067891151,0.102026209,-0.714143455,0.213500381,-0.599334180,0.158980861,-0.410823286,-0.010544324,0.000020287,-0.065848134,-0.893663108,-0.506555140,0.506071568,0.502249599,-0.013843162,-0.000015927
-0.121251374,-0.035746075,0.806647480,0.034193043,-0.066952422,0.986111224,-0.148098260,-0.334507972,0.336517751,0.287701279,0.867381334,-0.388033301,-0.144213244,-0.116932325,-0.026347307,-0.498006254,0.468848825,-0.236320034,0.096869990,0.016458122,-0.063856333,0.106483035,-0.735025764,0.214511320,-0.587296546,0.140012890,-0.411220551,-0.010961511,0.000020464,-0.088292502,-0.888697803,-0.508324504,0.503412127,0.502217472,-0.013269085,-0.000015486
-0.118990585,-0.035894711,0.806143999,0.031807315,-0.054014876,0.986807585,-0.149269506,-0.319937348,0.352533937,0.281448990,0.877317965,-0.383566082,-0.146041542,-0.116433077,-0.053016867,-0.489271283,0.464093000,-0.244153902,0.096684031,0.020545935,-0.060662281,0.110271543,-0.755823195,0.215259418,-0.575894892,0.120879717,-0.411672443,-0.011386998,0.000020660,-0.109266415,-0.882771015,-0.510316789,0.503432333,0.502182245,-0.012564071,-0.000015048
-0.116906889,-0.036422640,0.804637074,0.029510390,-0.042400070,0.987266958,-0.150449485,-0.303460896,0.375034600,0.273837805,0.882092357,-0.376498193,-0.147873491,-0.118147314,-0.079134524,-0.481443048,0.464690655,-0.250194252,0.096509807,0.022385396,-0.057442550,0.113438316,-0.776587725,0.215816379,-0.565093458,0.101551190,-0.412154466,-0.011849779,0.000020868,-0.128976032,-0.876112223,-0.512443483,0.505686164,0.502163112,-0.011771956,-0.000014653
-0.114520863,-0.036522970,0.801965117,0.027770154,-0.032087021,0.987547278,-0.151490882,-0.285550624,0.401255578,0.265578657,0.881323218,-0.366866440,-0.149709165,-0.122055903,-0.103336565,-0.474779546,0.470206618,-0.255756736,0.096346430,0.022128336,-0.054025445,0.115994684,-0.797395885,0.216279119,-0.554867327,0.082157306,-0.412651569,-0.012341463,0.000021062,-0.147484988,-0.869532347,-0.515049756,0.509856761,0.502140880,-0.010954209,-0.000014293
-0.112042300,-0.036828615,0.799324512,0.026801923,-0.023881081,0.987626553,-0.152660444,-0.266923308,0.429211795,0.257150799,0.875035405,-0.355089068,-0.151548594,-0.127964929,-0.125047058,-0.469479859,0.480642259,-0.261595964,0.096193328,0.020089230,-0.050155103,0.118366674,-0.818013489,0.216547176,-0.545377970,0.063026458,-0.413159430,-0.012797381,0.000021233,-0.164802060,-0.863217115,-0.518128097,0.515604436,0.502115309,-0.010138719,-0.000013928
-0.109276138,-0.037336394,0.796615899,0.026607784,-0.017325832,0.987547100,-0.154085606,-0.248137385,0.457450092,0.248651445,0.863600075,-0.341987312,-0.153391823,-0.135490164,-0.144865647,-0.465223491,0.495715201,-0.267838746,0.096052662,0.016557386,-0.045651846,0.120649830,-0.838499725,0.216400251,-0.536660671,0.044166088,-0.413687676,-0.013233792,0.000021375,-0.180977345,-0.857533693,-0.521776080,0.522689283,0.502104402,-0.009339986,-0.000013551
-0.106323510,-0.038403500,0.793740094,0.026927225,-0.012339965,0.987338603,-0.155836403,-0.229903102,0.483984470,0.240436003,0.847632825,-0.328567892,-0.155238897,-0.144367367,-0.163224161,-0.461679786,0.514842927,-0.274745494,0.095926680,0.011963739,-0.039814945,0.123264842,-0.858778119,0.215507314,-0.528905451,0.025626931,-0.414239228,-0.013654935,0.000021499,-0.195976824,-0.852272689,-0.525807083,0.530981541,0.502165914,-0.008522592,-0.000013193
-0.103432998,-0.040208280,0.790625870,0.027537335,-0.008850451,0.987095058,-0.157500878,-0.212483853,0.507266402,0.232597962,0.827968657,-0.315736592,-0.157089874,-0.154436633,-0.180124104,-0.458361804,0.537437201,-0.282556385,0.095817409,0.006240242,-0.032605466,0.126458555,-0.878409207,0.213913530,-0.522119164,0.007705567,-0.414813817,-0.014030566,0.000021621,-0.209664315,-0.847895265,-0.530509114,0.540314019,0.502304554,-0.007711978,-0.000012831
-0.100068584,-0.042556267,0.787199020,0.028876273,-0.006515075,0.986829817,-0.159031197,-0.195953459,0.526526153,0.225143477,0.805489719,-0.304061234,-0.158944786,-0.165281698,-0.195966035,-0.454951197,0.563120425,-0.291108608,0.095726319,-0.000546329,-0.023883702,0.129995018,-0.897332549,0.211528361,-0.516369402,-0.009598600,-0.415408760,-0.014377465,0.000021782,-0.222018749,-0.844714463,-0.535981953,0.550500572,0.502503991,-0.006917186,-0.000012457
-0.096949786,-0.045743488,0.783202231,0.030329386,-0.005465876,0.986562967,-0.160448343,-0.180319726,0.540878475,0.218323514,0.781352878,-0.293902069,-0.160803676,-0.176727951,-0.210440114,-0.451546520,0.590965450,-0.300655901,0.095654353,-0.008271760,-0.014062041,0.133879021,-0.915228903,0.208594844,-0.511571705,-0.025834084,-0.416025698,-0.014616327,0.000021987,-0.233105868,-0.843095183,-0.542366207,0.561264575,0.502746999,-0.006178191,-0.000012079
-0.093907438,-0.049356636,0.778824866,0.031910516,-0.005367668,0.986205220,-0.162333861,-0.165246516,0.550319374,0.212509289,0.757042468,-0.285841614,-0.162666619,-0.188331917,-0.223842189,-0.448607266,0.620120645,-0.310802430,0.095598705,-0.016722456,-0.003503922,0.137672111,-0.931967974,0.204997912,-0.507874429,-0.041066132,-0.416625261,-0.014768342,0.000022249,-0.242870122,-0.842871904,-0.549516439,0.572447598,0.503015578,-0.005483071,-0.000011706
-0.090842165,-0.053518444,0.774394095,0.033621397,-0.005804748,0.985743582,-0.164758906,-0.150999248,0.555351079,0.208123043,0.733904958,-0.281124741,-0.164533630,-0.199235931,-0.236948192,-0.445909977,0.648954391,-0.320645720,0.095556699,-0.025733596,0.006827669,0.140980139,-0.947332501,0.200828329,-0.505247712,-0.055303305,-0.417204469,-0.014853057,0.000022561,-0.251340270,-0.844086468,-0.557421625,0.583830297,0.503306210,-0.004849374,-0.000011317
-0.087878145,-0.057848375,0.770282865,0.034988239,-0.006089058,0.985139191,-0.168047518,-0.137685969,0.556992114,0.205444902,0.713053107,-0.280796379,-0.166404769,-0.209349900,-0.250651538,-0.443473160,0.675972342,-0.329629213,0.095525786,-0.035167594,0.016358808,0.144010007,-0.961082041,0.196228310,-0.503675044,-0.068532310,-0.417769730,-0.014895555,0.000022909,-0.258419663,-0.846314430,-0.565917015,0.595255196,0.503632605,-0.004279213,-0.000010932
-0.084146999,-0.062260274,0.766393065,0.035660572,-0.006222965,0.984208584,-0.173271045,-0.123924978,0.557352483,0.204045102,0.695427537,-0.284242630,-0.168280095,-0.219908699,-0.265897423,-0.441940427,0.700897515,-0.337271780,0.095503673,-0.045501608,0.025124567,0.146859750,-0.973107994,0.191270635,-0.503186047,-0.080729082,-0.418314070,-0.014896045,0.000023267,-0.263932854,-0.849393725,-0.574985862,0.606654763,0.504000843,-0.003771369,-0.000010550
-0.079670951,-0.066602990,0.762458920,0.036977094,-0.006466918,0.983119905,-0.179069698,-0.112239301,0.555964887,0.204616457,0.680230081,-0.291107774,-0.170159623,-0.229254574,-0.281034440,-0.440610915,0.724864244,-0.343939304,0.095488384,-0.056156997,0.032821540,0.150262401,-0.982999146,0.186102480,-0.503875077,-0.091738358,-0.418834388,-0.014817998,0.000023655,-0.268084764,-0.853135347,-0.584413290,0.617782176,0.504377425,-0.003334870,-0.000010171
-0.074868165,-0.070687793,0.758599102,0.039320804,-0.006454405,0.982030690,-0.184466422,-0.103830576,0.552823305,0.206807643,0.667335331,-0.300611615,-0.172039285,-0.236550048,-0.295742244,-0.438729972,0.747855306,-0.349787652,0.095478527,-0.066255957,0.039268032,0.154656529,-0.990572810,0.180976033,-0.505600274,-0.101476498,-0.419347435,-0.014650217,0.000024091,-0.270993769,-0.857009232,-0.593871832,0.628455698,0.504747450,-0.002961542,-0.000009787
-0.069921896,-0.075046457,0.754989505,0.042113703,-0.006262318,0.980921507,-0.189684644,-0.097802974,0.548273623,0.209568247,0.658035100,-0.311242670,-0.173908234,-0.242067143,-0.310599595,-0.436312556,0.768854618,-0.354476869,0.095473185,-0.074939497,0.044108547,0.159791842,-0.995664358,0.176290512,-0.508014381,-0.109966107,-0.419859111,-0.014429985,0.000024540,-0.272791117,-0.860645950,-0.603168905,0.638507605,0.505093515,-0.002662159,-0.000009408
-0.065956533,-0.078695118,0.752410233,0.044822875,-0.004851915,0.979977787,-0.193934008,-0.093907095,0.541281044,0.212393567,0.654460490,-0.322215170,-0.175751850,-0.245265886,-0.325160176,-0.433001548,0.786100090,-0.357901901,0.095471732,-0.081378996,0.046441812,0.165275469,-0.998118758,0.172343791,-0.510868788,-0.117225178,-0.420392573,-0.014184638,0.000024934,-0.273555726,-0.863773882,-0.612137675,0.647743165,0.505400240,-0.002462279,-0.000009030
-0.062355310,-0.082321815,0.750606477,0.047594678,-0.002772941,0.979242742,-0.197004765,-0.091177449,0.532502353,0.214377731,0.656691372,-0.331799090,-0.177527785,-0.246851563,-0.339406520,-0.428692222,0.799757242,-0.359648675,0.095473893,-0.085761324,0.046874121,0.170946419,-0.998092711,0.169211328,-0.514087319,-0.123372130,-0.420949519,-0.013927685,0.000025320,-0.273272306,-0.866263449,-0.620748937,0.656153262,0.505659759,-0.002352289,-0.000008653
-0.058528550,-0.086235031,0.749152601,0.050662789,-0.000590341,0.978617787,-0.199349821,-0.089228645,0.523080826,0.215533599,0.662950397,-0.339888275,-0.179185003,-0.247346967,-0.353262752,-0.423770636,0.810857475,-0.359834611,0.095479593,-0.088784210,0.046330020,0.176657796,-0.995996237,0.166691080,-0.517736495,-0.128462881,-0.421520531,-0.013633271,0.000025711,-0.272039950,-0.868134618,-0.628983557,0.663737774,0.505855441,-0.002319953,-0.000008278
-0.054378811,-0.089927524,0.747968078,0.054032564,0.001672934,0.978011549,-0.201422736,-0.088267267,0.513587594,0.215876296,0.671503723,-0.346865535,-0.180708006,-0.247014806,-0.366399199,-0.418835431,0.819945693,-0.358738422,0.095488787,-0.090246752,0.044840049,0.182459682,-0.992191792,0.164733768,-0.521682680,-0.132589027,-0.422104031,-0.013309980,0.000026091,-0.270280123,-0.869562745,-0.636724770,0.670333445,0.505977869,-0.002380302,-0.000007903
-0.050367374,-0.093402281,0.747018099,0.057321854,0.003871616,0.977415144,-0.203368485,-0.088044427,0.504356742,0.215604365,0.681047082,-0.353165895,-0.182085559,-0.246068403,-0.378592342,-0.414178848,0.827368617,-0.356919110,0.095501527,-0.090598211,0.042879350,0.188145891,-0.987094879,0.163331807,-0.525795877,-0.135856107,-0.422701746,-0.012966971,0.000026460,-0.268036485,-0.870603859,-0.644009590,0.676038146,0.506027400,-0.002512532,-0.000007528
-0.046311956,-0.096813008,0.746146202,0.060633577,0.005811568,0.976801217,-0.205303386,-0.088280618,0.495766699,0.214955539,0.690948963,-0.359016985,-0.183309823,-0.244616017,-0.389861614,-0.409874141,0.833508372,-0.354499638,0.095517814,-0.090339072,0.040715322,0.193428412,-0.981188059,0.162364841,-0.530003726,-0.138492122,-0.423312426,-0.012631255,0.000026899,-0.265359104,-0.871385098,-0.650898278,0.680967093,0.506009936,-0.002694664,-0.000007155
-0.042607121,-0.100206792,0.745371580,0.063631810,0.007393458,0.976195693,-0.207215235,-0.088897049,0.488013685,0.214093715,0.700653434,-0.364594102,-0.184404731,-0.242822170,-0.400005847,-0.406067610,0.838435709,-0.351853877,0.095537610,-0.089703493,0.038293045,0.198281318,-0.974791884,0.161838621,-0.534065485,-0.140502498,-0.423966855,-0.012300136,0.000027251,-0.262318939,-0.872048736,-0.657468259,0.685284793,0.505945742,-0.002893746,-0.000006782
-0.039009999,-0.103278108,0.744687021,0.066515639,0.008809165,0.975621402,-0.208951086,-0.089697696,0.480984718,0.213139430,0.709983289,-0.369580865,-0.185390368,-0.240906835,-0.409036845,-0.402634531,0.842319071,-0.348940909,0.095560774,-0.089080937,0.036237765,0.202787265,-0.968115747,0.161719590,-0.537893414,-0.141993284,-0.424654156,-0.011980452,0.000027625,-0.258725256,-0.872203529,-0.663664639,0.689277649,0.505856752,-0.003045229,-0.000006408
-0.035610463,-0.106060781,0.744150579,0.069142744,0.009980967,0.975062311,-0.210649103,-0.090845309,0.474658102,0.211989254,0.718527496,-0.373942018,-0.186283588,-0.238817409,-0.416838974,-0.399746209,0.844950438,-0.345710784,0.095587119,-0.088050589,0.033986442,0.206823587,-0.961400867,0.161901981,-0.541395247,-0.143084481,-0.425370872,-0.011688716,0.000028004,-0.255154282,-0.872322261,-0.669503808,0.692752302,0.505742490,-0.003188789,-0.000006036
-0.032322548,-0.108531609,0.743757129,0.071593270,0.010935835,0.974538982,-0.212199122,-0.092177182,0.469001412,0.210710093,0.726306796,-0.377682060,-0.187098488,-0.236616001,-0.423414320,-0.397334248,0.846359134,-0.342087775,0.095616303,-0.086868733,0.031630661,0.210293591,-0.954861641,0.162315726,-0.544487298,-0.143880993,-0.426118791,-0.011437166,0.000028433,-0.251616001,-0.872528136,-0.675095618,0.695805907,0.505617917,-0.003325673,-0.000005664
-0.029085599,-0.110701613,0.743499875,0.073895946,0.011715449,0.974060357,-0.213560268,-0.093629591,0.463882297,0.209356874,0.733316481,-0.380824775,-0.187846929,-0.234378040,-0.428893864,-0.395331413,0.846595049,-0.338054776,0.095647976,-0.085604519,0.029437343,0.213200048,-0.948706865,0.162897095,-0.547145724,-0.144474790,-0.426889271,-0.011229116,0.000028913,-0.248207346,-0.872787535,-0.680436671,0.698514223,0.505494058,-0.003446863,-0.000005290
-0.026246559,-0.112770207,0.743381679,0.075807363,0.012237183,0.973634243,-0.214802742,-0.095130600,0.459324181,0.207963929,0.739417195,-0.383619577,-0.188538939,-0.232032001,-0.433360279,-0.393803686,0.845780492,-0.333961993,0.095681742,-0.084186383,0.027379349,0.215418562,-0.943066537,0.163591653,-0.549314618,-0.144900784,-0.427686006,-0.011060838,0.000029442,-0.245074436,-0.873081863,-0.685516059,0.700863957,0.505373597,-0.003558684,-0.000004917
-0.023708683,-0.114735000,0.743383765,0.077442303,0.012536575,0.973261297,-0.215889424,-0.096523188,0.455294520,0.206597313,0.744664729,-0.386085391,-0.189182818,-0.229565680,-0.436921030,-0.392688781,0.844039321,-0.329756469,0.095717147,-0.082812190,0.025437564,0.216875747,-0.937977612,0.164355591,-0.551077724,-0.145245165,-0.428506911,-0.010935314,0.000029966,-0.242144212,-0.873400152,-0.690339506,0.702919960,0.505253673,-0.003659655,-0.000004545
-0.021303030,-0.116445057,0.743504345,0.078888632,0.012636537,0.972926438,-0.216866568,-0.097940065,0.451827139,0.205152154,0.748893738,-0.388008744,-0.189785421,-0.227087259,-0.439548522,-0.392108470,0.841432571,-0.325328112,0.095753700,-0.081246018,0.023295037,0.217709690,-0.933492362,0.165165782,-0.552450538,-0.145466462,-0.429351181,-0.010831662,0.000030459,-0.239642426,-0.873813927,-0.694833279,0.704554200,0.505122066,-0.003770831,-0.000004170
-0.019094186,-0.117893368,0.743748188,0.080117479,0.012594285,0.972634256,-0.217727005,-0.099279054,0.448842943,0.203700766,0.752048314,-0.389307410,-0.190352544,-0.224593401,-0.441363275,-0.392026067,0.838047028,-0.320774287,0.095791012,-0.079607040,0.021207880,0.217895702,-0.929650486,0.165943787,-0.553594470,-0.145682514,-0.430191785,-0.010758949,0.000030956,-0.237533152,-0.874275267,-0.699002266,0.705833316,0.504978299,-0.003884644,-0.000003794
-0.017159997,-0.119136281,0.744116127,0.080999158,0.012417917,0.972395778,-0.218474612,-0.100631982,0.446241945,0.202306807,0.754097581,-0.390043259,-0.190888911,-0.222265914,-0.442494661,-0.392391086,0.833942235,-0.316180408,0.095828615,-0.077989861,0.019422520,0.217785567,-0.926387012,0.166679263,-0.554509282,-0.145841330,-0.431032151,-0.010704640,0.000031467,-0.235624626,-0.874565244,-0.702806234,0.706865191,0.504826009,-0.003982118,-0.000003418
-0.015394332,-0.120192386,0.744583845,0.081643037,0.012154549,0.972202480,-0.219110161,-0.101961166,0.443914682,0.200991705,0.755263209,-0.390286565,-0.191398367,-0.220072255,-0.443099588,-0.393101662,0.829230070,-0.311478108,0.095866181,-0.076407783,0.018061606,0.217416063,-0.923649013,0.167261496,-0.555368125,-0.145976633,-0.431869924,-0.010655556,0.000032000,-0.233938545,-0.874722898,-0.706224203,0.707647800,0.504652143,-0.004065414,-0.000003042
-0.013610720,-0.121214211,0.745094359,0.082230031,0.011704532,0.972041845,-0.219626665,-0.103329994,0.441948980,0.199665502,0.756080329,-0.390390605,-0.191884190,-0.217867926,-0.443196833,-0.394118398,0.823926687,-0.306439370,0.095903382,-0.074614286,0.016407575,0.216758192,-0.921440482,0.167546600,-0.556232572,-0.146178737,-0.432710201,-0.010626506,0.000032501,-0.232573494,-0.874997437,-0.709373653,0.708221376,0.504466057,-0.004141308,-0.000002670
-0.012092297,-0.122084796,0.745692372,0.082492858,0.011167099,0.971927583,-0.220061004,-0.104761094,0.440243125,0.198382184,0.756048501,-0.390043944,-0.192349285,-0.215913028,-0.442863703,-0.395482212,0.818242490,-0.301429927,0.095940009,-0.072747521,0.015129907,0.216007710,-0.919765651,0.167699218,-0.557005525,-0.146382719,-0.433552235,-0.010605090,0.000033053,-0.231571913,-0.875335217,-0.712240636,0.708540499,0.504268885,-0.004223576,-0.000002300
-0.010314295,-0.122778997,0.746278286,0.082869105,0.010565655,0.971835732,-0.220354915,-0.106322333,0.438774824,0.197067857,0.755868435,-0.389464051,-0.192796066,-0.214140445,-0.442210764,-0.397036672,0.812238812,-0.296065480,0.095975846,-0.070650950,0.013839313,0.215291023,-0.918637335,0.167642355,-0.557668030,-0.146628276,-0.434419692,-0.010603334,0.000033577,-0.230783433,-0.875538468,-0.714818537,0.708774865,0.504078031,-0.004273794,-0.000001932
-0.009014831,-0.123516612,0.746926486,0.082776420,0.009817120,0.971798778,-0.220587522,-0.107932329,0.437579513,0.195847511,0.755033135,-0.388796121,-0.193226799,-0.212598696,-0.441254824,-0.398910522,0.806011558,-0.290982038,0.096010745,-0.068457738,0.012801690,0.214525670,-0.917940080,0.167526111,-0.558120668,-0.146867409,-0.435313344,-0.010614058,0.000034123,-0.230336100,-0.875845432,-0.717200637,0.708842337,0.503883779,-0.004323949,-0.000001567
-0.007761958,-0.124240413,0.747557461,0.082629673,0.008957295,0.971787691,-0.220727772,-0.109593317,0.436696708,0.194652468,0.754170358,-0.388180017,-0.193643257,-0.211137787,-0.440053254,-0.400952995,0.799667180,-0.285857469,0.096044622,-0.066105917,0.011526125,0.213675976,-0.917608082,0.167271912,-0.558481991,-0.147163033,-0.436229885,-0.010643213,0.000034707,-0.230185822,-0.876315951,-0.719443560,0.708801866,0.503694117,-0.004368593,-0.000001207
-0.006569246,-0.124589063,0.748161435,0.082479410,0.008219681,0.971821427,-0.220664665,-0.111082725,0.436084300,0.193552747,0.752970517,-0.387109280,-0.194047034,-0.210073590,-0.438642085,-0.403030694,0.793677390,-0.280985773,0.096077442,-0.064178504,0.010974887,0.212888211,-0.917573988,0.167030171,-0.558753550,-0.147447750,-0.437146574,-0.010675331,0.000035184,-0.230136499,-0.876740038,-0.721572816,0.708702981,0.503512740,-0.004408413,-0.000000847
-0.005300839,-0.124860615,0.748707414,0.082368456,0.007439349,0.971873939,-0.220502377,-0.112695716,0.435719699,0.192462116,0.751959622,-0.386069387,-0.194439352,-0.209234670,-0.437121123,-0.405133635,0.787839353,-0.276088536,0.096109189,-0.062176030,0.010350008,0.212318391,-0.917743444,0.166791111,-0.558957756,-0.147675842,-0.438072354,-0.010711588,0.000035550,-0.230288342,-0.877102315,-0.723554850,0.708536208,0.503358364,-0.004440001,-0.000000491
-0.004082039,-0.125133708,0.749212205,0.082186580,0.006618451,0.971948206,-0.220268026,-0.114417091,0.435521930,0.191441640,0.751079381,-0.385134399,-0.194821313,-0.208598122,-0.435567826,-0.407257795,0.782127440,-0.271281451,0.096140042,-0.060141917,0.009799594,0.211959511,-0.918081284,0.166575655,-0.559119701,-0.147820204,-0.439007908,-0.010741859,0.000035989,-0.230617926,-0.877285242,-0.725354850,0.708316863,0.503224134,-0.004461096,-0.000000137
-0.003059356,-0.125440717,0.749695420,0.081854075,0.005742135,0.972039342,-0.220014244,-0.116205752,0.435507983,0.190467358,0.750220537,-0.384334207,-0.195193946,-0.208066970,-0.433957279,-0.409441173,0.776554525,-0.266719311,0.096170135,-0.058025848,0.009228953,0.211671397,-0.918544829,0.166402578,-0.559286654,-0.147851810,-0.439948916,-0.010755319,0.000036490,-0.231226206,-0.877510786,-0.727004111,0.707945168,0.503093958,-0.004499516,0.000000213
-0.002104485,-0.125681385,0.750120282,0.081520438,0.004911780,0.972148955,-0.219673693,-0.117926620,0.435607463,0.189573497,0.749520004,-0.383601576,-0.195558086,-0.207689807,-0.432369500,-0.411531270,0.771295011,-0.262418300,0.096199520,-0.056124076,0.008987748,0.211499646,-0.919110715,0.166297749,-0.559494734,-0.147839069,-0.440894216,-0.010766395,0.000036971,-0.231866375,-0.877478540,-0.728522599,0.707580507,0.502987802,-0.004526956,0.000000560
-0.001165470,-0.125778317,0.750481784,0.081268005,0.004102582,0.972258329,-0.219298765,-0.119627193,0.435960412,0.188626081,0.748982191,-0.382875949,-0.195914492,-0.207409516,-0.430688441,-0.413598537,0.766468823,-0.258379012,0.096228339,-0.054292116,0.008570334,0.211421281,-0.919664681,0.166270182,-0.559720337,-0.147716805,-0.441851467,-0.010766054,0.000037435,-0.232675180,-0.877481043,-0.729929447,0.707106531,0.502883494,-0.004567892,0.000000902
-0.000314123,-0.125831470,0.750796974,0.081007756,0.003314952,0.972370088,-0.218913034,-0.121311903,0.436425865,0.187690794,0.748572886,-0.382211179,-0.196263745,-0.207240060,-0.429019868,-0.415579885,0.762018263,-0.254621774,0.096256807,-0.052621633,0.008201894,0.211494863,-0.920194387,0.166296422,-0.559988081,-0.147452831,-0.442795545,-0.010743338,0.000037905,-0.233587816,-0.877503157,-0.731205642,0.706537187,0.502773583,-0.004623552,0.000001243
0.000546594,-0.125845715,0.751055777,0.080778077,0.002600802,0.972473383,-0.218548849,-0.123047039,0.436852962,0.186808124,0.748365700,-0.381612360,-0.196606398,-0.207196563,-0.427519292,-0.417407364,0.757910252,-0.251067519,0.096285082,-0.051111367,0.008139132,0.211867675,-0.920712531,0.166406691,-0.560249865,-0.147064567,-0.443731993,-0.010702726,0.000038367,-0.234416753,-0.877234459,-0.732339859,0.706029236,0.502662897,-0.004663710,0.000001582
0.001315761,-0.125832006,0.751276016,0.080535941,0.001950810,0.972581208,-0.218165800,-0.124692865,0.437294930,0.186017439,0.748265803,-0.381082088,-0.196942925,-0.207244635,-0.426120222,-0.419087142,0.754141688,-0.247822940,0.096313335,-0.049940970,0.008407085,0.212420329,-0.921194792,0.166594177,-0.560512722,-0.146591008,-0.444661140,-0.010653754,0.000038890,-0.235020354,-0.876670599,-0.733397961,0.705658615,0.502563119,-0.004681419,0.000001920
0.001966920,-0.125770614,0.751465678,0.080312178,0.001307869,0.972683072,-0.217797771,-0.126218989,0.437909544,0.185204819,0.748204470,-0.380591124,-0.197273746,-0.207249776,-0.424668491,-0.420742005,0.750716388,-0.244907066,0.096341707,-0.048913173,0.008515007,0.212970570,-0.921591699,0.166786790,-0.560818017,-0.146041766,-0.445586652,-0.010596860,0.000039330,-0.235591695,-0.876108646,-0.734413445,0.705297947,0.502466977,-0.004700012,0.000002255
0.002655389,-0.125597924,0.751607120,0.080222152,0.000713561,0.972766876,-0.217460245,-0.127671033,0.438639611,0.184335262,0.748249769,-0.380052656,-0.197599217,-0.207225159,-0.423209012,-0.422333509,0.747674346,-0.242249385,0.096370362,-0.047957100,0.008505226,0.213583842,-0.921904683,0.166961551,-0.561164856,-0.145444140,-0.446506292,-0.010533565,0.000039740,-0.236176878,-0.875603020,-0.735390067,0.704958379,0.502375245,-0.004712689,0.000002592
0.003313860,-0.125377789,0.751710474,0.080230527,0.000140293,0.972836554,-0.217145577,-0.128961280,0.439477175,0.183418974,0.748350501,-0.379547298,-0.197919592,-0.207108229,-0.421729475,-0.423870414,0.744962513,-0.239862606,0.096399501,-0.047102302,0.008335839,0.214150310,-0.922100365,0.167151794,-0.561519027,-0.144818366,-0.447419941,-0.010474722,0.000040163,-0.236704141,-0.875186503,-0.736356556,0.704690218,0.502295196,-0.004709757,0.000002925
0.003716582,-0.125273541,0.751810670,0.080144681,-0.000474140,0.972894073,-0.216919258,-0.130104393,0.440369397,0.182484955,0.748410583,-0.379241705,-0.198235139,-0.206814244,-0.420286626,-0.425414175,0.742487788,-0.237883568,0.096429333,-0.046213701,0.008026978,0.214638919,-0.922122121,0.167399570,-0.561846793,-0.144145310,-0.448336303,-0.010425271,0.000040630,-0.237188146,-0.874800444,-0.737281084,0.704482794,0.502220213,-0.004696879,0.000003257
0.004030286,-0.125180557,0.751888394,0.080118164,-0.001045817,0.972928584,-0.216771841,-0.131043762,0.441228062,0.181528047,0.748471797,-0.379028469,-0.198546007,-0.206332356,-0.418948829,-0.426893234,0.740309238,-0.236226782,0.096459940,-0.045344710,0.007823125,0.215038195,-0.922021508,0.167645305,-0.562193871,-0.143480957,-0.449252099,-0.010389617,0.000041088,-0.237567902,-0.874204814,-0.738144636,0.704379559,0.502158999,-0.004666464,0.000003586
0.004276702,-0.125108391,0.751952589,0.080150940,-0.001587856,0.972946286,-0.216677368,-0.131790742,0.442056686,0.180556804,0.748545349,-0.378910899,-0.198852345,-0.205679417,-0.417669654,-0.428289413,0.738346875,-0.234823138,0.096491478,-0.044536483,0.007614214,0.215363249,-0.921810269,0.167874753,-0.562553644,-0.142830864,-0.450167120,-0.010362469,0.000041602,-0.237848625,-0.873457134,-0.738959849,0.704326510,0.502109706,-0.004632032,0.000003907
0.004494666,-0.125004485,0.752000272,0.080291785,-0.002067918,0.972948849,-0.216610700,-0.132289231,0.442845374,0.179568216,0.748626471,-0.378824294,-0.199154302,-0.204857200,-0.416447550,-0.429586679,0.736627340,-0.233654872,0.096523955,-0.043823607,0.007515998,0.215581000,-0.921514511,0.168054417,-0.562923133,-0.142228782,-0.451071709,-0.010343859,0.000042073,-0.237988830,-0.872479975,-0.739706695,0.704345345,0.502072036,-0.004589877,0.000004230
0.004573418,-0.124928981,0.752042592,0.080414191,-0.002530733,0.972943962,-0.216581240,-0.132627100,0.443620175,0.178579330,0.748666584,-0.378833830,-0.199451983,-0.203921348,-0.415250450,-0.430819303,0.735092223,-0.232794538,0.096557498,-0.043162949,0.007448447,0.215813756,-0.921076894,0.168211520,-0.563307643,-0.141644880,-0.451964885,-0.010326753,0.000042515,-0.238000542,-0.871395528,-0.740378439,0.704413116,0.502036989,-0.004541509,0.000004547
0.004592600,-0.124801375,0.752074063,0.080620758,-0.002943237,0.972932279,-0.216552287,-0.132707223,0.444415569,0.177577138,0.748672664,-0.378862232,-0.199745446,-0.202840939,-0.414030582,-0.431972295,0.733776450,-0.232185051,0.096592143,-0.042637378,0.007351781,0.215918347,-0.920534730,0.168360889,-0.563699901,-0.141110107,-0.452845007,-0.010315973,0.000043017,-0.237908021,-0.870305359,-0.741024911,0.704492986,0.502016842,-0.004495210,0.000004863
0.004493225,-0.124667175,0.752116501,0.080828115,-0.003311923,0.972904265,-0.216595650,-0.132618889,0.445152193,0.176562279,0.748551905,-0.378899276,-0.200034738,-0.201585352,-0.412853330,-0.433088392,0.732591629,-0.231834441,0.096627973,-0.042059198,0.007336520,0.215903014,-0.919942558,0.168466568,-0.564152718,-0.140639916,-0.453712821,-0.010307154,0.000043470,-0.237851009,-0.869115889,-0.741583169,0.704500020,0.502009094,-0.004459918,0.000005173
0.004328943,-0.124513812,0.752176046,0.081068709,-0.003626105,0.972867370,-0.216665804,-0.132317558,0.445821136,0.175588354,0.748316050,-0.378921598,-0.200319842,-0.200171486,-0.411699533,-0.434135973,0.731471300,-0.231644467,0.096664995,-0.041588001,0.007340732,0.215693131,-0.919345260,0.168541759,-0.564632177,-0.140219927,-0.454577446,-0.010296907,0.000043943,-0.237821281,-0.868040860,-0.742153049,0.704417646,0.502014756,-0.004446865,0.000005482
0.004099706,-0.124412216,0.752233386,0.081356011,-0.003904112,0.972823381,-0.216750473,-0.131785393,0.446411043,0.174669296,0.748128474,-0.379066348,-0.200600713,-0.198580623,-0.410632282,-0.435080409,0.730468690,-0.231617182,0.096703336,-0.041225296,0.007434845,0.215342432,-0.918745458,0.168558195,-0.565128446,-0.139854208,-0.455436945,-0.010289702,0.000044454,-0.237728789,-0.866919458,-0.742698610,0.704329073,0.502030075,-0.004436759,0.000005790
0.003847332,-0.124342948,0.752278149,0.081676163,-0.004147045,0.972775280,-0.216841131,-0.131118238,0.446916312,0.173796743,0.747986197,-0.379315913,-0.200877339,-0.196931377,-0.409657508,-0.435914934,0.729587615,-0.231714994,0.096742950,-0.040980134,0.007615445,0.215044141,-0.918138623,0.168537244,-0.565622866,-0.139495790,-0.456291854,-0.010276890,0.000044986,-0.237528548,-0.865708768,-0.743189156,0.704261541,0.502055764,-0.004417978,0.000006098
0.003589556,-0.124256343,0.752315760,0.082025021,-0.004349234,0.972722113,-0.216943994,-0.130362779,0.447354674,0.172948450,0.747816265,-0.379588217,-0.201149672,-0.195268020,-0.408734590,-0.436671585,0.728815138,-0.231912926,0.096783884,-0.040820081,0.007822413,0.214825004,-0.917539179,0.168490797,-0.566094875,-0.139142036,-0.457142502,-0.010258818,0.000045470,-0.237261280,-0.864548445,-0.743645668,0.704175711,0.502083778,-0.004398830,0.000006404
0.003325403,-0.124158949,0.752343416,0.082428105,-0.004503728,0.972663224,-0.217052087,-0.129466668,0.447745085,0.172153845,0.747668445,-0.379895568,-0.201417729,-0.193541974,-0.407884091,-0.437345922,0.728169024,-0.232232377,0.096826121,-0.040787712,0.008028761,0.214548334,-0.917017043,0.168399900,-0.566516519,-0.138803631,-0.457996249,-0.010238571,0.000045941,-0.237021834,-0.863580048,-0.744133711,0.704030931,0.502109885,-0.004396003,0.000006712
0.002908400,-0.124139443,0.752385676,0.082776695,-0.004661884,0.972599804,-0.217201218,-0.128407553,0.448106110,0.171400607,0.747446060,-0.380312234,-0.201681435,-0.191683114,-0.407084882,-0.437999427,0.727602124,-0.232746094,0.096869715,-0.040800743,0.008161676,0.214092761,-0.916606367,0.168273032,-0.566855490,-0.138503879,-0.458856285,-0.010223071,0.000046405,-0.236862138,-0.862834275,-0.744660735,0.703801990,0.502132297,-0.004417653,0.000007020
0.002418573,-0.124202572,0.752439260,0.083087847,-0.004807007,0.972536206,-0.217363596,-0.127229780,0.448365837,0.170720756,0.747186244,-0.380851835,-0.201940775,-0.189779878,-0.406392306,-0.438584089,0.727058709,-0.233346000,0.096914627,-0.040925499,0.008307942,0.213580102,-0.916321337,0.168123454,-0.567089498,-0.138270214,-0.459721982,-0.010220504,0.000046821,-0.236655921,-0.862169266,-0.745198965,0.703554273,0.502156794,-0.004444606,0.000007328
0.001910095,-0.124259718,0.752492964,0.083412625,-0.004916937,0.972467363,-0.217544854,-0.125961274,0.448568344,0.170063853,0.746856034,-0.381384492,-0.202195674,-0.187854767,-0.405755579,-0.439112991,0.726602554,-0.234023616,0.096960828,-0.041112367,0.008431318,0.213046581,-0.916135550,0.167925075,-0.567253292,-0.138105005,-0.460590482,-0.010229749,0.000047173,-0.236421660,-0.861492336,-0.745684981,0.703296185,0.502183080,-0.004469970,0.000007634
0.001437415,-0.124326505,0.752535999,0.083797835,-0.004966136,0.972389996,-0.217741996,-0.124586925,0.448658407,0.169473261,0.746567428,-0.381933600,-0.202446103,-0.185884580,-0.405265749,-0.439544261,0.726252079,-0.234749824,0.097008288,-0.041392747,0.008646451,0.212493956,-0.916007340,0.167696327,-0.567348421,-0.137998328,-0.461463422,-0.010249373,0.000047556,-0.236105025,-0.860733330,-0.746123791,0.703092635,0.502210200,-0.004480550,0.000007938
0.000912783,-0.124390937,0.752578735,0.084163465,-0.004972648,0.972310722,-0.217952713,-0.123124503,0.448700577,0.168925554,0.746181130,-0.382444233,-0.202692032,-0.183932349,-0.404867798,-0.439921170,0.726029873,-0.235590294,0.097056940,-0.041782089,0.008877200,0.211933792,-0.915916145,0.167384043,-0.567425847,-0.137918174,-0.462335616,-0.010265733,0.000047923,-0.235852852,-0.860078633,-0.746565282,0.702888429,0.502232432,-0.004493303,0.000008240
0.000373515,-0.124448925,0.752612174,0.084532335,-0.004923434,0.972227454,-0.218183339,-0.121610694,0.448672473,0.168435171,0.745774209,-0.382926941,-0.202933386,-0.182002425,-0.404598862,-0.440232366,0.725944042,-0.236537591,0.097106740,-0.042257052,0.009187137,0.211407259,-0.915840149,0.167019382,-0.567478776,-0.137862876,-0.463212252,-0.010280918,0.000048282,-0.235640794,-0.859501898,-0.747004569,0.702725172,0.502249956,-0.004499213,0.000008538
-0.000125660,-0.124546416,0.752644181,0.084909670,-0.004853901,0.972129107,-0.218475729,-0.120153844,0.448548317,0.167977333,0.745385230,-0.383414745,-0.203170106,-0.180057541,-0.404457688,-0.440503329,0.725868106,-0.237454176,0.097157657,-0.042655449,0.009332645,0.210911393,-0.915761054,0.166652977,-0.567437768,-0.137791514,-0.464098722,-0.010292894,0.000048589,-0.235563487,-0.859169662,-0.747458518,0.702532470,0.502249956,-0.004513476,0.000008837
-0.000673974,-0.124704517,0.752690971,0.085236885,-0.004792150,0.972027183,-0.218803242,-0.118701942,0.448386848,0.167566434,0.744944692,-0.383908480,-0.203402176,-0.178103074,-0.404361546,-0.440744579,0.725782752,-0.238381222,0.097209595,-0.043087527,0.009260310,0.210380316,-0.915700495,0.166271225,-0.567288876,-0.137720093,-0.464993954,-0.010305302,0.000048955,-0.235577017,-0.859165013,-0.747966588,0.702333570,0.502229989,-0.004530641,0.000009132
-0.001163727,-0.124842323,0.752725840,0.085581049,-0.004688444,0.971924782,-0.219124988,-0.117294692,0.448162615,0.167209804,0.744528890,-0.384355009,-0.203629583,-0.176259667,-0.404349029,-0.440912247,0.725767314,-0.239282355,0.097262472,-0.043613248,0.009197054,0.210003093,-0.915657401,0.165882736,-0.567074835,-0.137630358,-0.465867311,-0.010315501,0.000049344,-0.235563949,-0.859246135,-0.748446703,0.702200294,0.502198935,-0.004530281,0.000009422
-0.001583956,-0.124987498,0.752750516,0.085945733,-0.004536701,0.971824050,-0.219432518,-0.115914136,0.447831333,0.166935936,0.744172037,-0.384791315,-0.203852311,-0.174508780,-0.404454052,-0.440972835,0.725777209,-0.240138531,0.097316198,-0.044261470,0.009261661,0.209762484,-0.915630758,0.165459901,-0.566832721,-0.137563348,-0.466720492,-0.010332296,0.000049755,-0.235482082,-0.859279454,-0.748888433,0.702135682,0.502163827,-0.004514260,0.000009721
-0.002078004,-0.125226572,0.752783656,0.086253650,-0.004379570,0.971727073,-0.219743490,-0.114469588,0.447410583,0.166745171,0.743811488,-0.385319650,-0.204070389,-0.172728539,-0.404657334,-0.440976381,0.725769043,-0.241017640,0.097370714,-0.044974662,0.009434475,0.209440589,-0.915649295,0.165000245,-0.566555738,-0.137528479,-0.467562944,-0.010357404,0.000050172,-0.235398188,-0.859237432,-0.749302983,0.702122986,0.502131343,-0.004489013,0.000010023
-0.002645042,-0.125570729,0.752832413,0.086516321,-0.004222741,0.971633732,-0.220056251,-0.112928249,0.446900368,0.166641787,0.743450165,-0.385946363,-0.204283893,-0.170870751,-0.404943526,-0.440918028,0.725699246,-0.241885871,0.097425885,-0.045749307,0.009701075,0.208950207,-0.915721476,0.164480776,-0.566264391,-0.137560099,-0.468394995,-0.010398146,0.000050621,-0.235308960,-0.859115243,-0.749679685,0.702141643,0.502098918,-0.004459330,0.000010330
-0.003091824,-0.125867486,0.752869368,0.086853653,-0.004023850,0.971542418,-0.220330760,-0.111403972,0.446350485,0.166572928,0.743167341,-0.386505514,-0.204492867,-0.169088662,-0.405274838,-0.440797895,0.725641310,-0.242644325,0.097481601,-0.046534546,0.010008546,0.208537742,-0.915687382,0.163960248,-0.566057503,-0.137572512,-0.469199240,-0.010431462,0.000051081,-0.235254452,-0.859019637,-0.750018299,0.702150762,0.502058923,-0.004433343,0.000010641
-0.003452427,-0.126087949,0.752893150,0.087221079,-0.003803500,0.971454918,-0.220574141,-0.109967910,0.445821166,0.166493610,0.742903769,-0.386966795,-0.204697385,-0.167458177,-0.405590832,-0.440665096,0.725638032,-0.243328646,0.097537674,-0.047272075,0.010268323,0.208320707,-0.915463448,0.163474828,-0.565984070,-0.137518302,-0.469967484,-0.010445460,0.000051532,-0.235274449,-0.859065533,-0.750308216,0.702119648,0.502007544,-0.004412509,0.000010956
-0.003773297,-0.126274288,0.752921164,0.087568991,-0.003578755,0.971375823,-0.220788866,-0.108606219,0.445292145,0.166431814,0.742597759,-0.387356728,-0.204897538,-0.165957898,-0.405879259,-0.440526277,0.725591540,-0.243925810,0.097594045,-0.047995515,0.010462893,0.208224833,-0.915090382,0.163031399,-0.565963864,-0.137380868,-0.470724612,-0.010438332,0.000051918,-0.235374197,-0.859270930,-0.750576675,0.702050924,0.501939595,-0.004398914,0.000011271
-0.004109320,-0.126492009,0.752967775,0.087840326,-0.003384528,0.971306503,-0.220989302,-0.107322626,0.444763064,0.166414455,0.742204249,-0.387738824,-0.205093414,-0.164541990,-0.406123638,-0.440405726,0.725395858,-0.244447589,0.097650595,-0.048691545,0.010527484,0.208168060,-0.914592326,0.162656665,-0.565950036,-0.137148395,-0.471486896,-0.010411573,0.000052275,-0.235591009,-0.859699607,-0.750884295,0.701919615,0.501857221,-0.004404887,0.000011583
-0.004534590,-0.126797304,0.753037691,0.088006251,-0.003219098,0.971245944,-0.221192420,-0.106041595,0.444200516,0.166471541,0.741732657,-0.388174713,-0.205285087,-0.163129136,-0.406387240,-0.440286964,0.725067317,-0.244925350,0.097707272,-0.049361866,0.010621275,0.208009690,-0.914086819,0.162282959,-0.565959096,-0.136908621,-0.472255141,-0.010385650,0.000052565,-0.235902414,-0.860151470,-0.751173079,0.701750100,0.501772761,-0.004419730,0.000011891
-0.004905317,-0.127122357,0.753108740,0.088178560,-0.003034332,0.971198201,-0.221335888,-0.104736209,0.443563640,0.166618541,0.741289258,-0.388634413,-0.205472648,-0.161769599,-0.406698465,-0.440103203,0.724623621,-0.245278299,0.097763903,-0.050099216,0.010921843,0.207813114,-0.913607240,0.161917314,-0.566003859,-0.136702254,-0.473024279,-0.010368428,0.000052786,-0.236163020,-0.860393047,-0.751402617,0.701605797,0.501690984,-0.004426594,0.000012196
-0.005178703,-0.127416000,0.753178060,0.088380121,-0.002851668,0.971162498,-0.221413851,-0.103461698,0.442941308,0.166805848,0.740847170,-0.389038980,-0.205656216,-0.160502627,-0.406963080,-0.439904690,0.724068165,-0.245475635,0.097820371,-0.050843179,0.011164568,0.207624584,-0.913115263,0.161545113,-0.566121638,-0.136538640,-0.473774582,-0.010359186,0.000052999,-0.236433730,-0.860633671,-0.751575947,0.701428473,0.501608729,-0.004430899,0.000012494
-0.005534393,-0.127790183,0.753262460,0.088446662,-0.002717025,0.971140623,-0.221485868,-0.102284238,0.442313761,0.167043403,0.740346014,-0.389503747,-0.205835894,-0.159329921,-0.407226264,-0.439725757,0.723390758,-0.245633587,0.097876593,-0.051528364,0.011380576,0.207461342,-0.912664711,0.161202118,-0.566210270,-0.136327386,-0.474527806,-0.010337493,0.000053187,-0.236796007,-0.860873044,-0.751725197,0.701209068,0.501521587,-0.004442547,0.000012799
-0.005823215,-0.128174752,0.753354609,0.088496462,-0.002587198,0.971124053,-0.221539110,-0.101199180,0.441634744,0.167321980,0.739837050,-0.389946908,-0.206011802,-0.158259511,-0.407525837,-0.439552814,0.722623885,-0.245650932,0.097932428,-0.052173723,0.011627168,0.207320467,-0.912318945,0.160847947,-0.566270292,-0.136113182,-0.475279659,-0.010311087,0.000053365,-0.237218454,-0.861073256,-0.751857996,0.700970352,0.501421928,-0.004458990,0.000013110
-0.006152809,-0.128537253,0.753456414,0.088483810,-0.002495813,0.971119881,-0.221563861,-0.100165784,0.441058189,0.167587653,0.739240706,-0.390337378,-0.206184119,-0.157310069,-0.407739520,-0.439470947,0.721876204,-0.245673925,0.097987726,-0.052778348,0.011735549,0.207170412,-0.912046373,0.160516217,-0.566279233,-0.135872006,-0.476035357,-0.010279476,0.000053523,-0.237716854,-0.861380816,-0.752023220,0.700707614,0.501306355,-0.004485678,0.000013422
-0.006421600,-0.128839284,0.753555834,0.088491797,-0.002408794,0.971119940,-0.221562043,-0.099209361,0.440546960,0.167829454,0.738662601,-0.390602887,-0.206352949,-0.156482339,-0.407906026,-0.439406067,0.721186697,-0.245623484,0.098042347,-0.053356092,0.011804799,0.207086667,-0.911820531,0.160234153,-0.566205323,-0.135595575,-0.476790577,-0.010245617,0.000053671,-0.238201544,-0.861645222,-0.752197444,0.700486362,0.501186013,-0.004509370,0.000013734
