-0.685776174,0.322906882,0.765780568,0.067595623,-0.055874523,0.948729038,0.303680807,-0.039381541,0.278232157,0.447092086,0.803631067,-0.557378948,-0.082042888,-0.164315209,-0.281271428,-0.194431350,0.288116187,0.108260684,0.094163194,0.013819089,0.037260108,0.221011028,-0.848040581,0.135049134,-0.608850002,-0.109641865,-0.313454896,-0.011676641,0.000090888,-0.299063265,-0.664409280,-0.243859544,0.492923588,0.273228824,-0.000621581,0.000034264
-0.686697483,0.323803157,0.765979230,0.067777246,-0.057110097,0.947398126,0.307540685,-0.034466214,0.281888634,0.448528409,0.804571390,-0.556722283,-0.082054466,-0.164851516,-0.275888741,-0.192258984,0.289299518,0.108823292,0.094119556,0.002604568,0.028249172,0.214541182,-0.843382597,0.140058145,-0.605052352,-0.106809936,-0.313603252,-0.011416228,0.000090919,-0.302820742,-0.686382830,-0.263015032,0.492807239,0.273830324,-0.001789028,0.000034266
-0.679760575,0.324979305,0.766037524,0.074899785,-0.059685092,0.943081498,0.318473250,-0.020453854,0.292370796,0.452123284,0.806940317,-0.552190900,-0.082076445,-0.165924400,-0.260264218,-0.186475664,0.292914003,0.112572566,0.094035022,-0.027250865,0.003583971,0.196073011,-0.835139811,0.148994192,-0.598159194,-0.101518340,-0.313881546,-0.010884278,0.000090923,-0.312202692,-0.735646486,-0.305168390,0.491056442,0.275076568,-0.004914765,0.000034269
-0.681515336,0.325373501,0.766151130,0.074560337,-0.061289411,0.941860735,0.321842909,-0.015843572,0.295446187,0.453079611,0.807448745,-0.554121494,-0.082106248,-0.166272238,-0.255181223,-0.183893353,0.294482946,0.112377934,0.093925811,-0.039591048,-0.006475321,0.188011229,-0.827032983,0.157491058,-0.590710282,-0.097080894,-0.314352542,-0.010530078,0.000090968,-0.317433715,-0.765724897,-0.333970368,0.492282927,0.275850654,-0.006092282,0.000034240
-0.682192266,0.325045705,0.766088963,0.074630871,-0.061860096,0.941602707,0.322471887,-0.014826152,0.295640439,0.452518016,0.808107913,-0.555318177,-0.082143344,-0.166488156,-0.254286826,-0.182050824,0.296347648,0.111541182,0.093792319,-0.045132916,-0.008825765,0.184524119,-0.819262266,0.164056078,-0.584894955,-0.093800090,-0.314634204,-0.010370610,0.000091061,-0.319368273,-0.784156382,-0.354468137,0.495172352,0.276176155,-0.006313016,0.000034229
-0.682257116,0.324502319,0.765936971,0.074910492,-0.061918650,0.941734970,0.322009385,-0.015519226,0.294574678,0.450993747,0.808993518,-0.555909514,-0.082187787,-0.166796714,-0.255059272,-0.180435449,0.298414886,0.110338569,0.093633652,-0.047504388,-0.007917505,0.183395699,-0.811358452,0.169395566,-0.580351591,-0.091106057,-0.314731061,-0.010236960,0.000091217,-0.319222540,-0.795254588,-0.369586229,0.498680711,0.276172310,-0.006078796,0.000034237
-0.682230413,0.323977411,0.765763104,0.075115815,-0.061794244,0.941998959,0.321212232,-0.016924109,0.292992204,0.448819250,0.809976578,-0.556320667,-0.082239844,-0.167144150,-0.256269038,-0.178856984,0.300454646,0.108861230,0.093448527,-0.048470311,-0.006103891,0.183105215,-0.803519905,0.173720911,-0.576690495,-0.089003004,-0.314687550,-0.010147641,0.000091357,-0.317740172,-0.801544726,-0.380927354,0.502234876,0.275891930,-0.005643029,0.000034264
-0.682294965,0.323679984,0.765614748,0.075096212,-0.061543170,0.942308128,0.320356965,-0.018649954,0.291189045,0.446105003,0.810817420,-0.556673706,-0.082299836,-0.167575285,-0.257437974,-0.177294597,0.302440792,0.106974430,0.093235426,-0.048719328,-0.004129464,0.182954237,-0.795863569,0.177329674,-0.573587000,-0.087411799,-0.314503551,-0.010098890,0.000091464,-0.315570980,-0.804497659,-0.389324099,0.505362928,0.275354654,-0.005156209,0.000034303
-0.682339966,0.323526561,0.765453756,0.074986190,-0.061223213,0.942601085,0.319580734,-0.020562183,0.289231032,0.442912251,0.811657846,-0.557056189,-0.082368024,-0.168164119,-0.258457214,-0.175661311,0.304482847,0.104807287,0.092992768,-0.048587788,-0.002390767,0.182709411,-0.788469613,0.180357531,-0.570902050,-0.086317055,-0.314194858,-0.010090155,0.000091592,-0.313111246,-0.805007577,-0.395247757,0.507806540,0.274527222,-0.004693743,0.000034352
-0.682522953,0.323495477,0.765290082,0.074669339,-0.060857650,0.942866027,0.318942904,-0.022643697,0.287050754,0.439294547,0.812411010,-0.557575762,-0.082444653,-0.169015914,-0.259308487,-0.173898742,0.306556731,0.102377839,0.092719004,-0.048271779,-0.000997984,0.182270691,-0.781451046,0.182966664,-0.568367660,-0.085687339,-0.313777536,-0.010128792,0.000091647,-0.310568869,-0.803670526,-0.399062842,0.509444714,0.273417532,-0.004283613,0.000034467
-0.682479322,0.323655039,0.765153885,0.074337676,-0.060369976,0.943071008,0.318506688,-0.024858046,0.284732491,0.435211778,0.812905490,-0.557838917,-0.082529925,-0.170314014,-0.259851158,-0.171970144,0.308867216,0.099699587,0.092412539,-0.048001081,0.000124478,0.181615204,-0.774817824,0.185418904,-0.565744162,-0.085422114,-0.313243419,-0.010211508,0.000091604,-0.308072865,-0.801032186,-0.401114255,0.510238945,0.272016257,-0.003939895,0.000034609
-0.682513595,0.323843300,0.765042126,0.073888510,-0.059859313,0.943273187,0.318108678,-0.027196312,0.282027155,0.430586755,0.813154340,-0.558097482,-0.082623936,-0.171908617,-0.260369241,-0.169893250,0.311497748,0.096770130,0.092072189,-0.047529578,0.000943488,0.180523023,-0.768554807,0.187951043,-0.562736869,-0.085477538,-0.312601566,-0.010351425,0.000091663,-0.305781811,-0.797480822,-0.401629776,0.510146737,0.270355582,-0.003653610,0.000034782
-0.682668984,0.324017286,0.764946520,0.073357917,-0.059342656,0.943458617,0.317778289,-0.029512666,0.278843850,0.425478607,0.813125849,-0.558416605,-0.082726836,-0.173851192,-0.260937065,-0.167578936,0.314668298,0.093463160,0.091696665,-0.047150992,0.001541767,0.178887218,-0.762553394,0.190883160,-0.559061229,-0.085722998,-0.311859965,-0.010546004,0.000091708,-0.303611815,-0.793432057,-0.400962383,0.509226561,0.268478572,-0.003420607,0.000034947
-0.682912171,0.324254483,0.764895439,0.072708830,-0.058765549,0.943661511,0.317431986,-0.031878982,0.275169641,0.419796497,0.812643826,-0.558674634,-0.082838826,-0.176320821,-0.261605203,-0.165064305,0.318696976,0.089563735,0.091284424,-0.046889883,0.002026709,0.176901147,-0.756691873,0.194410220,-0.554620028,-0.085997716,-0.311027735,-0.010775386,0.000091708,-0.301603824,-0.789038539,-0.399189591,0.507425606,0.266382456,-0.003247205,0.000035101
-0.683413208,0.324580729,0.764895678,0.071860634,-0.058146674,0.943891048,0.317056477,-0.034191303,0.270946175,0.413514256,0.811661541,-0.558962345,-0.082960092,-0.179343373,-0.262428820,-0.162348241,0.323787540,0.084860057,0.090833761,-0.046888139,0.002369642,0.174476251,-0.750851929,0.198651910,-0.549274504,-0.086217284,-0.310126334,-0.011043526,0.000091734,-0.299761355,-0.784607112,-0.396521598,0.504728436,0.264100492,-0.003138068,0.000035296
-0.683799565,0.324987352,0.764928877,0.071085818,-0.057445675,0.944150746,0.316585273,-0.036460619,0.266241699,0.406512737,0.810270488,-0.559013128,-0.083090872,-0.182990819,-0.263429821,-0.159428492,0.330355197,0.079252817,0.090342581,-0.047200803,0.002589333,0.171783552,-0.744778931,0.203714564,-0.542989850,-0.086244524,-0.309166431,-0.011343514,0.000091768,-0.297952533,-0.780203104,-0.393024325,0.501158118,0.261623144,-0.003099100,0.000035483
-0.684282243,0.325517625,0.764977515,0.070262678,-0.056687649,0.944480360,0.315922201,-0.038704511,0.261041462,0.398658693,0.808551729,-0.558995306,-0.083231390,-0.187298283,-0.264710754,-0.156328022,0.338723063,0.072397076,0.089808799,-0.047736980,0.002706861,0.168980360,-0.738232076,0.209771380,-0.535641253,-0.085977659,-0.308152497,-0.011687361,0.000091870,-0.296031177,-0.775863469,-0.388743103,0.496765733,0.258972436,-0.003123349,0.000035645
-0.684845388,0.326155126,0.764993131,0.069472715,-0.055874031,0.944911599,0.314949781,-0.040878624,0.255305439,0.389879942,0.806657791,-0.559013724,-0.083381876,-0.192296088,-0.266441107,-0.153035372,0.349362552,0.064000808,0.089230038,-0.048554596,0.002790412,0.166217208,-0.730916679,0.216847539,-0.527349412,-0.085344791,-0.307073861,-0.012076406,0.000092007,-0.293854386,-0.771590233,-0.383678406,0.491555393,0.256123692,-0.003211124,0.000035813
-0.685542583,0.326771259,0.764981031,0.068765841,-0.055083208,0.945490241,0.313504994,-0.042935934,0.248925939,0.380067557,0.804601371,-0.559085548,-0.083542563,-0.197879657,-0.268659711,-0.149264693,0.362622440,0.053730153,0.088603467,-0.049917527,0.002897350,0.163448900,-0.722586811,0.225020647,-0.518087804,-0.084233530,-0.305935681,-0.012514087,0.000092134,-0.291285425,-0.767569363,-0.378021836,0.485534519,0.253102511,-0.003373800,0.000035957
-0.686463714,0.327502042,0.764979780,0.068049349,-0.054337930,0.946270585,0.311429948,-0.044822756,0.242057726,0.369023442,0.802223206,-0.559134066,-0.083713777,-0.204162747,-0.271198004,-0.144787565,0.379058391,0.041599434,0.087935589,-0.052197639,0.003168448,0.160884216,-0.712967575,0.234407425,-0.507829189,-0.082485884,-0.304739952,-0.012996582,0.000092316,-0.288006485,-0.763879657,-0.371934384,0.478847593,0.249934629,-0.003598336,0.000036107
-0.687268972,0.328276902,0.765133917,0.067483597,-0.053809453,0.947361827,0.308311343,-0.046669647,0.235087648,0.356271207,0.799177051,-0.558494449,-0.083895884,-0.211254582,-0.273404360,-0.138905734,0.399536222,0.027914692,0.087232389,-0.056034915,0.003917947,0.158920676,-0.701764286,0.245001674,-0.496674389,-0.079892583,-0.303500205,-0.013497408,0.000092474,-0.283669144,-0.760509908,-0.365536541,0.471682787,0.246643290,-0.003861870,0.000036309
-0.688009441,0.329113990,0.765643299,0.066992603,-0.053762939,0.948945522,0.303519249,-0.048492137,0.228429243,0.341145426,0.794900298,-0.556734681,-0.084089272,-0.219274089,-0.274495870,-0.131024539,0.425040841,0.014114505,0.086508021,-0.061932314,0.005337663,0.157906204,-0.688616753,0.256909847,-0.484584212,-0.076137319,-0.302255958,-0.013974109,0.000092708,-0.277838975,-0.757382154,-0.358889043,0.464212745,0.243226841,-0.004141236,0.000036504
-0.689010441,0.329777092,0.766710699,0.066616014,-0.054648224,0.951216936,0.296246350,-0.049959343,0.222265020,0.322958171,0.789052844,-0.553606391,-0.084294334,-0.228352085,-0.273476660,-0.120641395,0.456119329,0.001615101,0.085774072,-0.070408985,0.007454757,0.157772303,-0.673290312,0.270268857,-0.471401900,-0.070988588,-0.301031023,-0.014405145,0.000092862,-0.270149350,-0.754631102,-0.352183104,0.456601799,0.239715397,-0.004415747,0.000036691
-0.689756036,0.331043005,0.768060386,0.066786736,-0.055852402,0.954007447,0.286862224,-0.050595175,0.216700271,0.301965088,0.782364845,-0.549343169,-0.084511712,-0.238739803,-0.270637214,-0.107926212,0.491374403,-0.009475133,0.085038826,-0.081552610,0.009829670,0.158337101,-0.655463219,0.285197556,-0.457162529,-0.064221315,-0.299816728,-0.014764760,0.000092993,-0.260420769,-0.752255619,-0.345498115,0.448949009,0.236163720,-0.004684291,0.000036925
-0.690534234,0.332845479,0.769708335,0.067170136,-0.057367444,0.957361162,0.275057942,-0.050961290,0.211638704,0.278058052,0.774822950,-0.544139624,-0.084741659,-0.249745414,-0.265887350,-0.092860177,0.529581308,-0.019815739,0.084304675,-0.094366021,0.012333957,0.159470230,-0.634898484,0.301849306,-0.441897124,-0.055746563,-0.298576027,-0.015056148,0.000093079,-0.248698160,-0.749731719,-0.338364661,0.441225082,0.232562616,-0.004937361,0.000037217
-0.691419363,0.335363060,0.771645010,0.067214452,-0.058942091,0.961043417,0.261541009,-0.051789578,0.207280517,0.251863837,0.766316772,-0.538097501,-0.084984146,-0.260337412,-0.259038985,-0.075467676,0.569552183,-0.030276794,0.083572626,-0.108589977,0.014748105,0.160829604,-0.611464500,0.320215076,-0.425722808,-0.045455016,-0.297305316,-0.015265348,0.000093273,-0.234980479,-0.746928215,-0.330703467,0.433466554,0.228967801,-0.005174922,0.000037451
-0.691913426,0.338634402,0.773829639,0.067188680,-0.060241129,0.964901686,0.246620044,-0.053275503,0.203303367,0.223790839,0.756908357,-0.530803800,-0.085238732,-0.269990563,-0.248990551,-0.056050185,0.610014141,-0.041400764,0.082842670,-0.124208838,0.016739974,0.161838621,-0.585172355,0.340480745,-0.408361018,-0.033115372,-0.295992047,-0.015361113,0.000093493,-0.219253287,-0.744125843,-0.322763652,0.425734609,0.225448132,-0.005410193,0.000037699
-0.692462921,0.342409283,0.776192367,0.066897660,-0.061094515,0.968943834,0.230087087,-0.055725351,0.198793307,0.194109812,0.746824503,-0.522606373,-0.085504510,-0.278166026,-0.235041052,-0.034677312,0.649188101,-0.053851321,0.082114778,-0.140809223,0.018197389,0.162054017,-0.556134045,0.362623513,-0.389885187,-0.018696226,-0.294609278,-0.015334884,0.000093813,-0.201677114,-0.741287470,-0.314415544,0.417970270,0.222004741,-0.005654394,0.000037969
-0.692890286,0.346694618,0.778622389,0.066624112,-0.061548773,0.973103225,0.211761564,-0.059136871,0.193832219,0.162605286,0.736663997,-0.513697863,-0.085780427,-0.284947127,-0.217928514,-0.011121613,0.685099244,-0.068031497,0.081388943,-0.157687783,0.019051015,0.161273673,-0.524668694,0.386433929,-0.370445579,-0.002292169,-0.293170184,-0.015179014,0.000094113,-0.182562470,-0.738201320,-0.305291355,0.409987450,0.218602315,-0.005928445,0.000038219
-0.693512142,0.351675272,0.780984461,0.065907881,-0.061440948,0.977204323,0.192230955,-0.063961521,0.188472003,0.129815027,0.726845443,-0.504686713,-0.086065307,-0.289895892,-0.198493302,0.014759541,0.716348648,-0.084411107,0.080665134,-0.174510837,0.019283421,0.159445599,-0.490903229,0.411918819,-0.350138694,0.016224578,-0.291643322,-0.014848236,0.000094394,-0.161978215,-0.734846115,-0.295267224,0.401816964,0.215246573,-0.006224444,0.000038512
-0.694131970,0.356896281,0.783204556,0.064970516,-0.060920257,0.981166184,0.171408638,-0.070536748,0.182374001,0.095846824,0.717939258,-0.495652735,-0.086357884,-0.292911351,-0.176927328,0.042861912,0.741818547,-0.103511974,0.079943344,-0.190605626,0.018695217,0.156553239,-0.455100805,0.438893706,-0.328898251,0.036883537,-0.290049464,-0.014311457,0.000094626,-0.140282094,-0.731115699,-0.284147561,0.393369675,0.211927593,-0.006552413,0.000038852
-0.694633543,0.362891465,0.785037637,0.063935325,-0.059989758,0.984753191,0.150248483,-0.078507796,0.176516503,0.061169114,0.710924149,-0.487308949,-0.086656958,-0.293864638,-0.155442074,0.073704988,0.760861993,-0.125406623,0.079223543,-0.206028670,0.017503429,0.152220726,-0.417681634,0.466755897,-0.307343364,0.059263248,-0.288283825,-0.013605309,0.000094885,-0.117788531,-0.727112651,-0.271847010,0.384652197,0.208644256,-0.006910399,0.000039222
-0.695675969,0.369577616,0.786322176,0.062449668,-0.058702245,0.987970650,0.128716275,-0.088126488,0.170687720,0.025978880,0.706466615,-0.480593115,-0.086961322,-0.292780131,-0.134871781,0.107291661,0.773639798,-0.150115982,0.078505725,-0.220228299,0.015692389,0.146797106,-0.378790617,0.495310485,-0.285488337,0.083420396,-0.286384434,-0.012682845,0.000095081,-0.094715536,-0.722697794,-0.258093238,0.375723779,0.205392003,-0.007283596,0.000039665
-0.696976960,0.376407087,0.787003458,0.060877636,-0.057312235,0.990781903,0.106586181,-0.099653095,0.164540902,-0.009709986,0.705244064,-0.475541472,-0.087269850,-0.289647967,-0.115753889,0.143439189,0.780721605,-0.177417308,0.077789873,-0.232514992,0.013275621,0.140478835,-0.338679463,0.523971856,-0.263575077,0.109113812,-0.284369946,-0.011538602,0.000095289,-0.071637779,-0.717916250,-0.242694333,0.366485775,0.202165157,-0.007682518,0.000040149
-0.698642135,0.383572072,0.786933243,0.059133168,-0.055484217,0.993138492,0.084268652,-0.113193907,0.157622978,-0.045263905,0.707755864,-0.472412229,-0.087581731,-0.284054190,-0.098083034,0.181651175,0.783377945,-0.207168505,0.077075958,-0.242876619,0.010573888,0.133045375,-0.298007607,0.552108884,-0.242155433,0.135690376,-0.282239139,-0.010237784,0.000095526,-0.049061552,-0.712971210,-0.225617364,0.356929660,0.198975980,-0.008099557,0.000040713
-0.700225115,0.391050309,0.786063254,0.057332065,-0.053100597,0.995019555,0.061882801,-0.129283980,0.149603039,-0.080395386,0.714205682,-0.470850796,-0.087896407,-0.275973171,-0.081389830,0.221192047,0.782731354,-0.239550218,0.076363973,-0.250865400,0.007365054,0.124858648,-0.257151216,0.578953862,-0.221757233,0.162613288,-0.279996037,-0.008814328,0.000095785,-0.027624719,-0.708091021,-0.206664845,0.346940428,0.195809752,-0.008548272,0.000041236
-0.702064812,0.398832053,0.784356952,0.055127040,-0.050084293,0.996437132,0.039571170,-0.148146749,0.140137702,-0.114725806,0.724646747,-0.470988423,-0.088213570,-0.265397221,-0.065616272,0.261356831,0.779888093,-0.274868339,0.075653888,-0.256059915,0.003841856,0.116141140,-0.216519147,0.603546143,-0.202920035,0.189206019,-0.277636766,-0.007329106,0.000096061,-0.007889604,-0.703298032,-0.185584635,0.336436868,0.192688182,-0.009030410,0.000041828
-0.703840435,0.406568676,0.781896472,0.052562844,-0.046501480,0.997384965,0.017261289,-0.170044795,0.128670037,-0.147974998,0.738716125,-0.472195685,-0.088533126,-0.252250701,-0.050693434,0.301116616,0.776086450,-0.313179284,0.074945703,-0.257667810,0.000443701,0.106963545,-0.176623359,0.624891937,-0.186191797,0.214613557,-0.275169581,-0.005878987,0.000096404,0.009164573,-0.698562801,-0.162169188,0.325287998,0.189624146,-0.009553367,0.000042493
-0.705785155,0.414691657,0.778700769,0.049410269,-0.042214751,0.997872055,-0.005286304,-0.194980070,0.115770049,-0.179247111,0.755543470,-0.473692775,-0.088855073,-0.236807197,-0.036975235,0.339183360,0.772212029,-0.354355514,0.074239381,-0.255699188,-0.002796825,0.097244330,-0.138337448,0.642095625,-0.172045261,0.237971708,-0.272599787,-0.004567923,0.000096737,0.022809014,-0.694046021,-0.136335641,0.313316911,0.186633617,-0.010150210,0.000043103
-0.707837582,0.422961324,0.774737597,0.045726657,-0.037475262,0.997829914,-0.028982561,-0.223552972,0.101915382,-0.207541123,0.774304152,-0.474019110,-0.089179404,-0.219198823,-0.025385331,0.374292403,0.769034266,-0.397936314,0.073534921,-0.249569967,-0.005497403,0.087100498,-0.102937609,0.654713869,-0.160466373,0.258369982,-0.269894391,-0.003548690,0.000097067,0.032099035,-0.689828694,-0.108007655,0.300200254,0.183722436,-0.010891916,0.000043699
-0.710412264,0.431866467,0.769716859,0.041054770,-0.032162327,0.997175813,-0.054039154,-0.256397545,0.087880388,-0.232369170,0.793541729,-0.471939504,-0.089505993,-0.200052053,-0.017059986,0.404593468,0.767431140,-0.443048269,0.072832294,-0.238078892,-0.007916301,0.077194892,-0.070679702,0.661655903,-0.152121216,0.275092602,-0.267060995,-0.002911448,0.000097421,0.035912715,-0.685751438,-0.076928042,0.285547137,0.180888578,-0.011857785,0.000044361
-0.712452173,0.441124111,0.762477338,0.035997830,-0.026534664,0.995846093,-0.079314582,-0.294313788,0.074386053,-0.253516465,0.811600208,-0.466447562,-0.089834757,-0.180215403,-0.013652931,0.428310812,0.768234789,-0.488795608,0.072131485,-0.219858363,-0.009389263,0.068434812,-0.042281404,0.662636936,-0.147008181,0.287659764,-0.264064044,-0.002742507,0.000097772,0.033528734,-0.681118608,-0.042568926,0.269246906,0.178173557,-0.013072928,0.000045070
-0.714294553,0.451381952,0.755007923,0.029547058,-0.020174336,0.994049489,-0.102886163,-0.334655076,0.060248151,-0.272218317,0.828018844,-0.458530873,-0.090165697,-0.163562849,-0.015158031,0.443187147,0.771058202,-0.534295499,0.071432479,-0.193511263,-0.010230722,0.061571877,-0.017528573,0.657313108,-0.145236015,0.296249598,-0.260925770,-0.002965996,0.000098161,0.024271578,-0.675674558,-0.005091383,0.251367867,0.175623119,-0.014553329,0.000045706
-0.715012729,0.463371456,0.748353839,0.022314059,-0.012395054,0.991708100,-0.125952959,-0.376009643,0.043773636,-0.288599879,0.842018425,-0.448198557,-0.090498477,-0.153725848,-0.019978907,0.447170764,0.775912404,-0.577858150,0.070733964,-0.158288032,-0.010602904,0.058407634,0.004082948,0.645053029,-0.147274718,0.301215857,-0.257647067,-0.003472413,0.000098614,0.008156405,-0.668709815,0.035675235,0.232256949,0.173275292,-0.016248114,0.000046231
-0.715825915,0.476068139,0.742553771,0.014249565,-0.003942049,0.988506019,-0.150456414,-0.418458372,0.025531504,-0.301661640,0.851589143,-0.434436500,-0.090831511,-0.150694177,-0.027248306,0.439196944,0.784204006,-0.617003441,0.070033908,-0.114900760,-0.009902829,0.059157979,0.022679064,0.625868201,-0.153077275,0.302873701,-0.254247546,-0.004198178,0.000099122,-0.013964307,-0.659945250,0.079178326,0.212603211,0.171290144,-0.018118029,0.000046643
-0.717102826,0.488974482,0.738429487,0.004910115,0.004544529,0.984022319,-0.177919924,-0.462543160,0.005290009,-0.310847104,0.855456054,-0.417167872,-0.091163054,-0.153759092,-0.036661863,0.419507354,0.796090126,-0.649513721,0.069331281,-0.063656710,-0.007817539,0.063486040,0.038172767,0.600268960,-0.162365600,0.301504493,-0.250771940,-0.005108001,0.000099627,-0.041755669,-0.649768829,0.124560021,0.192859501,0.169790834,-0.020187560,0.000047023
-0.717905283,0.503226995,0.734675348,-0.005889168,0.013532822,0.977746844,-0.209268570,-0.511214912,-0.017436204,-0.315059394,0.853602827,-0.397900701,-0.091490909,-0.160962477,-0.048517168,0.390571564,0.809911013,-0.675161362,0.068626307,-0.005881561,-0.004466274,0.071614258,0.050313700,0.569711208,-0.174386442,0.297673017,-0.247199029,-0.006185840,0.000100118,-0.074354991,-0.639609337,0.170081526,0.174126163,0.168828353,-0.022379728,0.000047374
-0.718427479,0.519701540,0.733454585,-0.017555926,0.023041381,0.968076229,-0.248976707,-0.568212926,-0.041896824,-0.308068246,0.847249031,-0.381679952,-0.091812208,-0.170665666,-0.062872551,0.350091934,0.824361086,-0.694535315,0.067921244,0.056533121,-0.000354781,0.084971391,0.059685305,0.535934269,-0.188286766,0.292877376,-0.243614495,-0.007147062,0.000100543,-0.109711751,-0.630920589,0.214397192,0.157942876,0.168350518,-0.024506666,0.000047668
-0.719179511,0.539764643,0.734578133,-0.030066766,0.034506254,0.953820825,-0.296869010,-0.634631097,-0.067416944,-0.289212435,0.840853989,-0.369859815,-0.092132717,-0.181817457,-0.081880160,0.299585670,0.838090181,-0.707767606,0.067217067,0.122461610,0.004501548,0.103452198,0.066943511,0.501134455,-0.202751204,0.288324773,-0.240094066,-0.007816167,0.000100935,-0.146547139,-0.626289189,0.255357087,0.145757243,0.168376729,-0.026484761,0.000048050
-0.721703649,0.559279084,0.735784829,-0.043241762,0.044847976,0.935552835,-0.347648442,-0.707665980,-0.093176439,-0.258118212,0.837915778,-0.359713405,-0.092455737,-0.193700776,-0.104451589,0.240748361,0.851024866,-0.717964172,0.066514485,0.189447075,0.011933366,0.124452665,0.071978129,0.467723548,-0.216124505,0.284336209,-0.236695006,-0.008260272,0.000101385,-0.183464408,-0.628524601,0.290704310,0.138969332,0.168963432,-0.028235435,0.000048381
-0.723847330,0.579821706,0.737140656,-0.055581920,0.055428244,0.911693573,-0.403302848,-0.788550854,-0.117924280,-0.215426624,0.841602087,-0.354143053,-0.092781268,-0.204307050,-0.131563962,0.176293254,0.863398731,-0.725330532,0.065813564,0.255403548,0.021849154,0.147097155,0.074582510,0.437685013,-0.227012694,0.281337321,-0.233497530,-0.008463983,0.000101863,-0.219116434,-0.639394522,0.319282651,0.139116794,0.170095325,-0.029537234,0.000048684
-0.726557255,0.600043058,0.738531291,-0.067980565,0.065381914,0.883261919,-0.459295571,-0.872808576,-0.141604587,-0.165133700,0.857318044,-0.354249090,-0.093109317,-0.215970442,-0.163203627,0.109049298,0.874645174,-0.730268598,0.065114811,0.317933053,0.033153776,0.170558602,0.074941494,0.412480891,-0.234072357,0.279661387,-0.230590671,-0.008436813,0.000102286,-0.251920968,-0.659899414,0.340320796,0.147365719,0.171788245,-0.030252783,0.000049091
-0.730026126,0.619982898,0.739364624,-0.081764042,0.073717676,0.849281907,-0.516333938,-0.956971645,-0.166896895,-0.111429989,0.889406741,-0.359046519,-0.093439892,-0.229894176,-0.195579842,0.044542361,0.883351445,-0.733897865,0.064420208,0.374807864,0.044334143,0.194650039,0.073104069,0.392630816,-0.236712664,0.279376030,-0.228015259,-0.008173829,0.000102646,-0.280633926,-0.689873457,0.353925437,0.164549440,0.174035832,-0.030238068,0.000049542
-0.733684182,0.638757229,0.739825368,-0.096173272,0.079607464,0.813588977,-0.567878962,-1.038386226,-0.193718001,-0.058309462,0.941222012,-0.368323207,-0.093773015,-0.247530878,-0.229085177,-0.015886905,0.887279689,-0.735039294,0.063730739,0.424688816,0.053563084,0.219433337,0.068864800,0.378713489,-0.234209254,0.280186802,-0.225810468,-0.007756216,0.000103223,-0.305115968,-0.729037881,0.359767944,0.191122413,0.176766947,-0.029381860,0.000049969
-0.738690794,0.657225490,0.741571248,-0.112697944,0.085100055,0.777779102,-0.612467825,-1.116392612,-0.217561483,-0.010273209,1.012519836,-0.382043928,-0.094108678,-0.268445343,-0.266208500,-0.073467128,0.886149645,-0.732679844,0.063045323,0.466310620,0.058970917,0.245762721,0.062099148,0.370191962,-0.226949334,0.281604439,-0.224010751,-0.007250863,0.000103751,-0.324786901,-0.775908172,0.358958036,0.226799756,0.179935396,-0.027664268,0.000050465
-0.744725168,0.674836874,0.747207761,-0.131207228,0.088674515,0.740929544,-0.652644992,-1.190133929,-0.233205438,0.028029796,1.099438310,-0.399412572,-0.094446905,-0.292085350,-0.307909220,-0.129452094,0.882368922,-0.726146400,0.062361952,0.497314900,0.059554465,0.274471492,0.052603275,0.365937084,-0.215800881,0.283030868,-0.222610295,-0.006722044,0.000104380,-0.338697225,-0.829386055,0.352356076,0.271229029,0.183497995,-0.025072981,0.000050976
-0.754288197,0.689793646,0.755389392,0.153557777,-0.090133987,-0.700836241,0.690742135,-1.258321881,-0.236529469,0.052114312,1.196460962,-0.419259787,-0.094787702,-0.316653490,-0.353734821,-0.183447540,0.877222359,-0.715249538,0.061680138,0.515507579,0.053787261,0.304830194,0.039743040,0.364513934,-0.201857612,0.283561051,-0.221582592,-0.006288181,0.000104955,-0.346474439,-0.888361454,0.340909570,0.323249012,0.187407330,-0.021772848,0.000051461
-0.766415417,0.701671362,0.763235569,0.176756307,-0.090364762,-0.657904088,0.726466835,-1.318197489,-0.226427644,0.058894724,1.297525525,-0.440089673,-0.095131077,-0.343843430,-0.403900653,-0.235549897,0.868748188,-0.699213684,0.060999867,0.520016491,0.042318214,0.336335748,0.023736926,0.364994824,-0.185908660,0.282532156,-0.220893040,-0.006052508,0.000105661,-0.347555995,-0.951412857,0.326003194,0.381450385,0.191693023,-0.017949190,0.000052037
-0.779491007,0.711483538,0.769888639,0.201365069,-0.089323632,-0.614776850,0.757312834,-1.367139101,-0.201686874,0.045249697,1.396716118,-0.460563779,-0.095477030,-0.374166250,-0.458900541,-0.285656154,0.855934978,-0.678916752,0.060326129,0.520024538,0.025681335,0.367799729,0.005499298,0.366619051,-0.168766171,0.279715687,-0.220469639,-0.006027317,0.000106476,-0.340907633,-1.017376184,0.309033871,0.444557905,0.196313694,-0.013743531,0.000052616
-0.792806029,0.718875110,0.775680959,0.227419332,-0.087139398,-0.573138356,0.782431960,-1.402416945,-0.162243277,0.009528775,1.487835884,-0.479288638,-0.095825583,-0.406707436,-0.517818391,-0.332406461,0.839021742,-0.657074809,0.059678935,0.520009398,0.004391090,0.396848053,-0.013724235,0.368314832,-0.151510403,0.274776280,-0.220276847,-0.006257974,0.000107192,-0.325767666,-1.084563494,0.291485965,0.510947108,0.201202109,-0.009364763,0.000053207
-0.806487918,0.723307073,0.781086326,0.255236119,-0.083870605,-0.530878127,0.803734303,-1.422423601,-0.108799003,-0.047770098,1.564353228,-0.495084763,-0.096176744,-0.439647496,-0.579228103,-0.374629945,0.817798257,-0.635937154,0.059100777,0.511730373,-0.020937875,0.421178579,-0.032400742,0.369775951,-0.134627700,0.267779797,-0.220290512,-0.006742347,0.000108032,-0.302254409,-1.151008129,0.274641156,0.578495681,0.206339464,-0.005141526,0.000053766
-0.819423318,0.725913525,0.786069632,0.283005625,-0.079644509,-0.488202810,0.821719229,-1.425903082,-0.043692734,-0.123484157,1.621172547,-0.507240236,-0.096530512,-0.471620500,-0.640695930,-0.411406606,0.793253839,-0.616225660,0.058632109,0.491101712,-0.049286153,0.438925445,-0.048344057,0.371267945,-0.118158296,0.259370059,-0.220507994,-0.007395742,0.000108887,-0.270760745,-1.214956760,0.259314984,0.645602167,0.211714044,-0.001289683,0.000054346
-0.831091762,0.727387488,0.790824175,0.309609026,-0.074560657,-0.445804417,0.836565197,-1.412070632,0.028995421,-0.212127164,1.655206442,-0.515618324,-0.096886918,-0.501623809,-0.699426234,-0.441233933,0.765618861,-0.598218143,0.058288895,0.459754795,-0.078525685,0.447950751,-0.060559481,0.372971773,-0.102161385,0.249492288,-0.220917553,-0.008278931,0.000109743,-0.232130632,-1.274467945,0.246130660,0.710875034,0.217358679,0.002048888,0.000054900
-0.841168582,0.727927625,0.795386195,0.334179938,-0.068364814,-0.404507905,0.848541796,-1.380456686,0.105842508,-0.307837784,1.665626168,-0.520241201,-0.097245947,-0.529152274,-0.752805710,-0.463952452,0.735813141,-0.582081974,0.058049731,0.419017076,-0.106926188,0.447178721,-0.067511626,0.375346065,-0.086478166,0.238856763,-0.221505851,-0.009302410,0.000110479,-0.187280193,-1.328364968,0.235253200,0.773733318,0.223232955,0.004926897,0.000055407
-0.849541187,0.728222370,0.799899697,0.355648041,-0.061026596,-0.365115553,0.858184576,-1.331859469,0.183541775,-0.404544920,1.654230833,-0.521695971,-0.097607628,-0.553537309,-0.798376560,-0.479511499,0.705193520,-0.567979157,0.057891022,0.369381875,-0.132718459,0.436240405,-0.068667889,0.378534734,-0.071103401,0.228001699,-0.222275719,-0.010392060,0.000111031,-0.137048632,-1.375170231,0.227007002,0.833739638,0.229244113,0.007444673,0.000055929
-0.856462181,0.728350818,0.804557681,0.373256713,-0.051994961,-0.326540530,0.866802692,-1.268639088,0.259300441,-0.496706873,1.622882009,-0.520425260,-0.097971946,-0.573463380,-0.834183753,-0.487884045,0.675590456,-0.555667758,0.057789262,0.311410397,-0.154104680,0.415397137,-0.064203858,0.382823676,-0.055884756,0.217139393,-0.223262161,-0.011547287,0.000111712,-0.082553916,-1.413843274,0.221429527,0.890471697,0.235365286,0.009715768,0.000056439
-0.861102343,0.727616012,0.808824837,0.386611462,-0.042088266,-0.289543808,0.874599695,-1.194881320,0.332812458,-0.581281185,1.572893977,-0.517000854,-0.098338932,-0.587628365,-0.861903846,-0.489763290,0.648772240,-0.543180883,0.057722922,0.245899230,-0.169737250,0.386118531,-0.054556031,0.388061255,-0.041208211,0.206673175,-0.224447772,-0.012684369,0.000112650,-0.025129182,-1.443554997,0.218464404,0.943352461,0.241564140,0.011807924,0.000056968
-0.863760471,0.727903783,0.813681364,0.395272374,-0.031462565,-0.252946466,0.882489622,-1.117101789,0.401235282,-0.654578447,1.505095243,-0.512261450,-0.098708585,-0.593524933,-0.881178141,-0.482969701,0.624915183,-0.532778203,0.057693940,0.173094809,-0.178334445,0.350949138,-0.040866643,0.393661618,-0.027939120,0.196744159,-0.225791648,-0.013720090,0.000113598,0.034044608,-1.463515997,0.218163580,0.991777182,0.247715041,0.013796271,0.000057510
-0.865501344,0.730447531,0.820268273,0.400393248,-0.020067291,-0.218045965,0.889796913,-1.041692495,0.461885959,-0.713517129,1.420608521,-0.507103145,-0.099080928,-0.589837193,-0.892790675,-0.467837423,0.605929911,-0.522197306,0.057682686,0.095108040,-0.179278478,0.312865227,-0.025348097,0.399567604,-0.016173450,0.186975628,-0.227279648,-0.014720317,0.000114635,0.093357921,-1.473443031,0.220381469,1.034843445,0.253689945,0.015672456,0.000057997
-0.865291893,0.734360278,0.827516437,0.401447356,-0.010752953,-0.186029851,0.896725833,-0.974712372,0.512558997,-0.756228924,1.323396564,-0.502997696,-0.099455945,-0.577791154,-0.898284554,-0.446933359,0.592152715,-0.509352386,0.057676710,0.015372995,-0.173517793,0.276434273,-0.009438072,0.405716568,-0.006203280,0.177631840,-0.228904963,-0.015584774,0.000115920,0.151058719,-1.473503590,0.224899277,1.071491599,0.259329170,0.017344138,0.000058508
-0.866002679,0.740025103,0.835566759,0.399217278,-0.004083089,-0.156861335,0.903329134,-0.920815527,0.551146626,-0.782310605,1.220955253,-0.501486301,-0.099833667,-0.559531808,-0.898470700,-0.422338426,0.581746697,-0.495345771,0.057675645,-0.062540226,-0.162766322,0.246021017,0.004241968,0.411873937,0.001594762,0.168439329,-0.230661631,-0.016321888,0.000117374,0.205201298,-1.464080334,0.231495440,1.100513458,0.264483005,0.018674064,0.000059016
-0.866177857,0.744327128,0.842875183,0.395420671,0.000556200,-0.130621180,0.909164548,-0.882025957,0.577674031,-0.793189287,1.124329805,-0.503449798,-0.100214094,-0.536574244,-0.894002318,-0.395884991,0.573019922,-0.481242925,0.057679087,-0.134661973,-0.149958879,0.223673344,0.013502436,0.417825222,0.006900424,0.159081891,-0.232543930,-0.016958361,0.000118978,0.253931105,-1.445741177,0.239962295,1.120736599,0.269008547,0.019469418,0.000059513
-0.866258740,0.744910657,0.847443640,0.392154962,0.004024552,-0.105844855,0.913780689,-0.858557343,0.595422328,-0.791354835,1.045941591,-0.507788420,-0.100597233,-0.510750175,-0.885785818,-0.369146526,0.564265132,-0.467794478,0.057686646,-0.198669165,-0.138589740,0.210571736,0.016402936,0.423206538,0.009237828,0.149325013,-0.234543324,-0.017498573,0.000120481,0.295587718,-1.419344187,0.250080705,1.131393433,0.272802234,0.019597592,0.000059780
-0.864346325,0.743969142,0.849621594,0.391045421,0.004922012,-0.080047533,0.916870415,-0.850818276,0.612893641,-0.777873218,0.997800946,-0.509316385,-0.100983098,-0.481225967,-0.878334522,-0.341870487,0.555149436,-0.455335110,0.057698015,-0.253385752,-0.130503550,0.206291422,0.012515562,0.427487493,0.008114897,0.139305219,-0.236654863,-0.017916538,0.000122003,0.328923941,-1.384763241,0.261912078,1.132121563,0.275773823,0.019024294,0.000059748
-0.864315271,0.745121181,0.852342725,0.394614190,0.002135137,-0.053289954,0.917298079,-0.853345633,0.628961563,-0.757296681,0.981159151,-0.508490920,-0.101371698,-0.450159669,-0.869269729,-0.315809339,0.546527743,-0.443744898,0.057713035,-0.297586769,-0.126947939,0.208111957,0.002459194,0.430341333,0.003359419,0.129372716,-0.238879710,-0.018174626,0.000123695,0.352774590,-1.341010332,0.275703788,1.122606277,0.277862996,0.017717846,0.000059663
-0.867798865,0.747352958,0.854067802,0.398873657,0.001342599,-0.023616035,0.916700959,-0.858476639,0.640425503,-0.732566476,0.994005084,-0.506786287,-0.101763040,-0.419176072,-0.857510567,-0.293824136,0.540320456,-0.432291508,0.057729498,-0.328826547,-0.125302419,0.212107733,-0.011961529,0.431591868,-0.004941976,0.119688690,-0.241200313,-0.018323714,0.000125378,0.365832716,-1.285678625,0.291994780,1.102115154,0.279032022,0.015554110,0.000059480
-0.871876836,0.749597013,0.852044523,0.405154914,0.005623123,0.004120330,0.914221466,-0.863441229,0.646488488,-0.705021679,1.033780575,-0.504822791,-0.102157123,-0.388406157,-0.844889462,-0.278057456,0.537630856,-0.420720547,0.057747401,-0.343933135,-0.124103710,0.216358319,-0.028286956,0.430688530,-0.016965419,0.110582650,-0.243581399,-0.018363971,0.000127169,0.366665214,-1.218494177,0.310862690,1.070562363,0.279257596,0.012451233,0.000059127
-0.874599695,0.749225259,0.848424196,0.404344112,0.005958073,0.028235348,0.914151490,-0.866266727,0.650022566,-0.676227391,1.098581076,-0.502821982,-0.102553971,-0.363180459,-0.839312017,-0.271750808,0.535426676,-0.409827739,0.057766747,-0.342289865,-0.120267548,0.223531023,-0.044741880,0.426791400,-0.033144936,0.102375217,-0.245956585,-0.018223772,0.000128854,0.354090780,-1.139870763,0.332196355,1.028767109,0.278560042,0.008526088,0.000058766
-0.876362681,0.748238087,0.846331239,0.402610600,0.005746321,0.046977751,0.914147019,-0.868061304,0.649634898,-0.643630505,1.185176373,-0.501556814,-0.102953590,-0.343939751,-0.838061094,-0.276757181,0.534847617,-0.400528193,0.057800978,-0.324521750,-0.114797883,0.234687418,-0.060679369,0.419730574,-0.053208821,0.095281489,-0.248301700,-0.017863931,0.000130468,0.327999830,-1.052291751,0.355316341,0.978983343,0.277088553,0.004099755,0.000058453
-0.879206538,0.747648180,0.843608558,0.401586890,0.004794443,0.064196788,0.913555741,-0.872667789,0.644705772,-0.606460333,1.287747979,-0.501609623,-0.103355989,-0.326047271,-0.840799212,-0.286834717,0.534558237,-0.393016726,0.057890628,-0.293059945,-0.107770406,0.249576926,-0.076147772,0.409833223,-0.076752648,0.089114070,-0.250633001,-0.017330322,0.000131928,0.289786041,-0.957742810,0.379682630,0.924058378,0.275050908,-0.000361855,0.000057970
-0.886355340,0.746717691,0.841567993,0.400771171,0.001475038,0.082129851,0.912488461,-0.879890084,0.635446191,-0.563237786,1.401765227,-0.502887487,-0.103761166,-0.310030848,-0.846682966,-0.302639991,0.534468830,-0.385183692,0.058035776,-0.250948697,-0.099104591,0.268314809,-0.092111796,0.397484779,-0.103243589,0.083692744,-0.252933472,-0.016625585,0.000133745,0.241219625,-0.859999955,0.404098481,0.867181242,0.272635400,-0.004416700,0.000057537
-0.891821027,0.744518518,0.839921415,0.399876177,-0.001168454,0.100086428,0.911087573,-0.888416886,0.621250033,-0.510633945,1.522178292,-0.503689885,-0.104169145,-0.292634338,-0.852098942,-0.323300153,0.534147739,-0.379979581,0.058270417,-0.200854033,-0.088237844,0.287354350,-0.108860977,0.383478910,-0.131875187,0.078644201,-0.255164236,-0.015846508,0.000135274,0.184559166,-0.762935877,0.427266151,0.811150134,0.270006835,-0.007768397,0.000057299
-0.896573663,0.741593659,0.837532401,0.397523075,-0.002897626,0.121407524,0.909520566,-0.898362994,0.600438297,-0.446597576,1.643545151,-0.503363371,-0.104579926,-0.271362782,-0.852811873,-0.346193492,0.531813264,-0.380245805,0.058639508,-0.145584702,-0.075752474,0.304320484,-0.127877280,0.368822306,-0.161693975,0.073274240,-0.257286191,-0.015150938,0.000136521,0.121840678,-0.671104431,0.447574437,0.758050501,0.267288893,-0.010331970,0.000057002
-0.899632275,0.736828744,0.833564639,0.393671572,-0.003085617,0.149684355,0.906977296,-0.909285307,0.572914660,-0.370903373,1.761468053,-0.501597643,-0.104993515,-0.244055316,-0.845751345,-0.368799865,0.527271807,-0.385277241,0.059108596,-0.087918706,-0.062872522,0.316908181,-0.150470391,0.354623646,-0.191607878,0.066944934,-0.259346008,-0.014695000,0.000137581,0.055555295,-0.588639140,0.463500708,0.709358275,0.264738917,-0.012089976,0.000056763
-0.901850402,0.730750859,0.830544710,0.386541188,-0.003470175,0.181113482,0.904307425,-0.917801678,0.539958239,-0.284100622,1.871922612,-0.497073621,-0.105409928,-0.213566989,-0.828908861,-0.394258648,0.523708761,-0.390346348,0.059618231,-0.030772608,-0.049993753,0.324183434,-0.177357793,0.341491640,-0.221072182,0.059554547,-0.261340529,-0.014472537,0.000138412,-0.012381904,-0.519196272,0.473710388,0.665753543,0.262449056,-0.013204902,0.000056564
-0.903214872,0.724249601,0.827678680,0.375520200,-0.004023696,0.218966067,0.900567591,-0.922381401,0.502710998,-0.188562959,1.969665527,-0.489242941,-0.105829172,-0.180150375,-0.801283002,-0.420249194,0.519470632,-0.397047490,0.060173400,0.022580134,-0.037733044,0.324899882,-0.209167525,0.329845339,-0.249475598,0.051274925,-0.263319403,-0.014437953,0.000139204,-0.080071278,-0.466070473,0.476864576,0.627701759,0.260573417,-0.013828157,0.000056409
-0.902535200,0.717540681,0.825767517,0.360692024,-0.004933299,0.262499690,0.894969761,-0.919532537,0.463363707,-0.088433340,2.050055504,-0.477310330,-0.106251255,-0.146044895,-0.763298452,-0.447061807,0.515049338,-0.402843684,0.060752578,0.069432572,-0.026398670,0.317992896,-0.245971739,0.319707453,-0.276398450,0.042285923,-0.265292972,-0.014556821,0.000139785,-0.145532951,-0.430785924,0.472385854,0.595284820,0.259169579,-0.014095807,0.000056254
-0.900283456,0.711526394,0.824451089,0.341809630,-0.006120731,0.308598995,0.887634993,-0.906004429,0.423764408,0.010434945,2.109082699,-0.461075276,-0.106676184,-0.114363827,-0.717034519,-0.475079387,0.510685325,-0.405428857,0.061339777,0.107887812,-0.016438209,0.303603232,-0.287363648,0.310905278,-0.301636070,0.032952316,-0.267242402,-0.014750281,0.000140245,-0.206896976,-0.413123667,0.460506827,0.568354249,0.258235306,-0.014080739,0.000056105
-0.897014976,0.706687152,0.823603272,0.319136828,-0.005799195,0.356851012,0.877938032,-0.879481077,0.385444224,0.101783104,2.143437147,-0.440444201,-0.107103974,-0.087416515,-0.665733397,-0.503542900,0.505953789,-0.403857529,0.061928503,0.137013003,-0.007798244,0.282224536,-0.332876444,0.302927881,-0.325330734,0.023351483,-0.269179016,-0.015021311,0.000140843,-0.262741297,-0.410874039,0.442385316,0.546295822,0.257831544,-0.013881987,0.000055993
-0.893211305,0.702346623,0.822865963,0.293578506,-0.004915488,0.406056494,0.865393400,-0.839733005,0.348798513,0.181310758,2.152285099,-0.416060328,-0.107534625,-0.066683903,-0.610753834,-0.530899704,0.500577569,-0.398314089,0.062518783,0.156288967,-0.001391560,0.254933715,-0.382150829,0.295129776,-0.347744346,0.013693492,-0.271111935,-0.015322654,0.000141427,-0.312778890,-0.421994984,0.418819159,0.528432369,0.257928669,-0.013591332,0.000055915
-0.889107347,0.698521793,0.822940826,0.266983598,-0.004325380,0.455342919,0.849331439,-0.788587570,0.314666957,0.246023774,2.136766672,-0.389518231,-0.107968152,-0.052628055,-0.553923666,-0.555180728,0.495073736,-0.389086992,0.063110612,0.165738568,0.002223531,0.223759040,-0.434141606,0.287020445,-0.369391292,0.004295939,-0.273014158,-0.015578743,0.000142213,-0.356980890,-0.444295436,0.390569061,0.514172256,0.258505732,-0.013267831,0.000055857
-0.884465814,0.694184065,0.823665142,0.241971135,-0.001950594,0.505412757,0.828253567,-0.728549242,0.283746719,0.294134051,2.098999500,-0.362562388,-0.108404562,-0.045417719,-0.496445358,-0.574981987,0.490376770,-0.376478434,0.063704029,0.166279882,0.002731777,0.191007525,-0.487676412,0.278383255,-0.390411288,-0.004385808,-0.274912328,-0.015720295,0.000142862,-0.395788789,-0.475601286,0.358342052,0.503036976,0.259478629,-0.012927860,0.000055808
-0.880020678,0.689861894,0.823811948,0.217935830,-0.000629229,0.554152608,0.803379297,-0.661967158,0.257929444,0.324622422,2.042336464,-0.336909682,-0.108843863,-0.046325516,-0.442773879,-0.590604603,0.485846192,-0.360852748,0.064299032,0.159283802,0.001102550,0.158995733,-0.541527212,0.268961698,-0.411209881,-0.011888199,-0.276796103,-0.015655493,0.000143439,-0.430032462,-0.514135778,0.322650462,0.494709402,0.260767668,-0.012550852,0.000055762
-0.877675176,0.687307954,0.823119760,0.195855543,0.001133241,0.599881709,0.775745749,-0.592091382,0.238381192,0.339284331,1.969783425,-0.313771009,-0.109286062,-0.054222804,-0.394769192,-0.602057338,0.481724471,-0.343787670,0.064902909,0.146223396,-0.001649443,0.128978938,-0.594548523,0.258486062,-0.432275802,-0.018051853,-0.278654814,-0.015363567,0.000143961,-0.460533589,-0.558474898,0.283885777,0.488844663,0.262292147,-0.012132869,0.000055728
-0.875259221,0.685752392,0.821903765,0.176288560,0.003151509,0.642125964,0.746047556,-0.520631075,0.225997701,0.340677708,1.884343266,-0.293587446,-0.109731175,-0.068737552,-0.352916688,-0.610986888,0.478703648,-0.325573504,0.065515682,0.128699109,-0.005276290,0.101803876,-0.645831764,0.247082293,-0.453742146,-0.022739081,-0.280483097,-0.014842307,0.000144483,-0.487834513,-0.607109606,0.242427006,0.485222131,0.264025778,-0.011648171,0.000055694
-0.873432636,0.685260773,0.819546521,0.159591168,0.005728124,0.683057487,0.712692440,-0.448903710,0.221114278,0.332379311,1.789076328,-0.276183367,-0.110179201,-0.089416057,-0.317570597,-0.618610978,0.477278203,-0.306045115,0.066137597,0.107686400,-0.008770186,0.077810630,-0.695060849,0.234781384,-0.475695193,-0.026175443,-0.282272756,-0.014152188,0.000145096,-0.512186348,-0.658996284,0.198506832,0.483672917,0.265967727,-0.011090299,0.000055683
-0.872691631,0.684790134,0.816720724,0.141263917,0.007625957,0.719047368,0.680409729,-0.379602343,0.225223899,0.317035258,1.686266899,-0.261898100,-0.110630162,-0.114188947,-0.292600870,-0.625572264,0.477111697,-0.285470903,0.066769220,0.084673315,-0.010841735,0.057360567,-0.741896689,0.221644372,-0.498197943,-0.028675813,-0.283996254,-0.013370506,0.000145688,-0.533985198,-0.713174343,0.152364954,0.483970910,0.268104851,-0.010463227,0.000055654
-0.872138977,0.684200048,0.813242376,0.125571325,0.010486568,0.756298482,0.641977131,-0.314928710,0.236166269,0.299009860,1.578953385,-0.250988185,-0.111084051,-0.141184166,-0.275011539,-0.630086243,0.478322178,-0.264415234,0.067434438,0.059225589,-0.011998013,0.040633660,-0.785794854,0.208281681,-0.520696759,-0.030272439,-0.285663217,-0.012532621,0.000146147,-0.552962720,-0.769475698,0.103757627,0.486150175,0.270414233,-0.009767391,0.000055611
-0.872728765,0.682103992,0.810417235,0.109734990,0.012134627,0.788168728,0.605476081,-0.257115096,0.253616661,0.281028390,1.469256401,-0.244071811,-0.111540884,-0.168556586,-0.266761035,-0.633475900,0.481243491,-0.243096128,0.068133205,0.032722943,-0.011507167,0.028221220,-0.826192975,0.194813475,-0.543233812,-0.031311717,-0.287272960,-0.011719251,0.000146605,-0.568770885,-0.826373279,0.053424615,0.490021110,0.272807568,-0.009001992,0.000055554
-0.872761667,0.679010987,0.807044208,0.096560113,0.013107315,0.820070803,0.563904285,-0.208476216,0.275305301,0.265381992,1.359424353,-0.241880879,-0.112000681,-0.194244176,-0.265592963,-0.633394480,0.486270815,-0.222360268,0.068900436,0.005305684,-0.009932449,0.020436401,-0.862756431,0.181677938,-0.565410018,-0.031966407,-0.288842231,-0.010982178,0.000147000,-0.581086278,-0.882869601,0.001748879,0.495360911,0.275278032,-0.008206073,0.000055497
-0.873048902,0.675456762,0.804638565,0.083503880,0.013408402,0.845955849,0.526503503,-0.169168085,0.297716469,0.253618002,1.252100229,-0.244890407,-0.112463430,-0.218430609,-0.270415545,-0.633134127,0.493279070,-0.203466013,0.069730029,-0.020597622,-0.006888054,0.018013934,-0.894886613,0.169676512,-0.586654663,-0.032297298,-0.290347993,-0.010372568,0.000147447,-0.589598835,-0.937167406,-0.050346855,0.501861513,0.277845621,-0.007382352,0.000055468
-0.873202801,0.671397746,0.802156210,0.071694635,0.012988098,0.869169652,0.489116818,-0.139518619,0.317684233,0.246115118,1.149416447,-0.252998859,-0.112929150,-0.239966244,-0.278299958,-0.629986823,0.500984669,-0.188435599,0.070653930,-0.045319509,-0.002319345,0.020199951,-0.922583580,0.159238830,-0.606401861,-0.032259464,-0.291816413,-0.009892873,0.000147798,-0.594242215,-0.988755286,-0.102892987,0.509440660,0.280534714,-0.006551292,0.000055455
-0.873805344,0.666806996,0.800087571,0.060693290,0.012305371,0.888667762,0.454350561,-0.118014991,0.333583117,0.242390513,1.053713560,-0.266060591,-0.113397852,-0.259269327,-0.288047433,-0.623788357,0.508226871,-0.177169636,0.071656168,-0.068699270,0.003743386,0.026340902,-0.945874035,0.150579095,-0.624448419,-0.031895913,-0.293248177,-0.009545863,0.000148074,-0.594975054,-1.036782265,-0.155438215,0.517728925,0.283307880,-0.005767720,0.000055436
-0.873032451,0.661611378,0.797749817,0.051005203,0.011329412,0.907439709,0.416920990,-0.103859760,0.345418066,0.241902590,0.966443956,-0.283895612,-0.113869540,-0.276024789,-0.298265368,-0.612023413,0.514171183,-0.169323400,0.072721012,-0.091821663,0.010888032,0.035675015,-0.964985073,0.143740773,-0.640720665,-0.031079734,-0.294645399,-0.009275126,0.000148379,-0.591736197,-1.080567479,-0.207661629,0.526457667,0.286129355,-0.005079272,0.000055443
-0.872443497,0.654949903,0.795575082,0.041075516,0.010140335,0.923575521,0.381074697,-0.094397590,0.355569988,0.243629649,0.887984276,-0.305104703,-0.114344232,-0.291882038,-0.309928894,-0.597139537,0.518936753,-0.163446859,0.073813602,-0.114122629,0.018596573,0.047655433,-0.980160058,0.138814315,-0.655214965,-0.029821718,-0.296002746,-0.009058233,0.000148730,-0.584719419,-1.118937254,-0.258764952,0.535030603,0.288936079,-0.004556238,0.000055456
-0.872065246,0.648062706,0.792885244,0.033586226,0.008005882,0.937397897,0.346544564,-0.094559625,0.363818944,0.247958362,0.816759169,-0.329436570,-0.114821933,-0.302136213,-0.321050316,-0.575848699,0.523567975,-0.160234809,0.074926220,-0.134603515,0.025907720,0.062530026,-0.991276920,0.136005178,-0.667699635,-0.027941212,-0.297369331,-0.008848040,0.000149066,-0.573994517,-1.150477052,-0.307810873,0.542997241,0.291710854,-0.004223588,0.000055460
-0.870736420,0.641143799,0.789890587,0.028590921,0.005322934,0.948822737,0.314466417,-0.101895809,0.369787246,0.252945065,0.755346477,-0.353687942,-0.115298271,-0.307718724,-0.331229389,-0.549943507,0.528159857,-0.157652423,0.076045871,-0.151125044,0.031790443,0.079734266,-0.998235583,0.135479033,-0.678108275,-0.025548805,-0.298739344,-0.008662592,0.000149456,-0.559818089,-1.173829913,-0.353668392,0.549735069,0.294423789,-0.004125114,0.000055472
-0.869602203,0.634993851,0.789797127,0.023903077,0.002412284,0.956329048,0.291303635,-0.112241365,0.371065944,0.255714864,0.708454788,-0.372360379,-0.115767904,-0.310301244,-0.339409024,-0.521790743,0.532857716,-0.154338241,0.077168167,-0.161535427,0.036314350,0.098494761,-1.000861764,0.137451723,-0.686630011,-0.022775248,-0.300102204,-0.008521740,0.000149767,-0.542402625,-1.187906742,-0.395485580,0.554942131,0.297078818,-0.004265100,0.000055467
-0.869223714,0.629039586,0.789908409,0.018915489,-0.000368424,0.960919023,0.276182264,-0.122747071,0.370266438,0.255833596,0.676384330,-0.380729437,-0.116217844,-0.310269415,-0.345942914,-0.492788494,0.538129449,-0.150199547,0.078292392,-0.166080654,0.039657209,0.116991408,-0.999706984,0.141259268,-0.693789661,-0.020013979,-0.301404297,-0.008463514,0.000150164,-0.522212446,-1.192908168,-0.432986438,0.558369577,0.299677104,-0.004672967,0.000055486
-0.868631721,0.624413192,0.789915562,0.015810292,-0.002415474,0.963967264,0.265539110,-0.131222174,0.368400246,0.253570437,0.656221509,-0.381978810,-0.116646081,-0.309029043,-0.350035459,-0.464701712,0.544111073,-0.145435378,0.079418562,-0.166336402,0.041730136,0.133857384,-0.995456994,0.146372005,-0.699821770,-0.017258722,-0.302638531,-0.008440643,0.000150600,-0.499756128,-1.189869046,-0.466418952,0.560032189,0.302197039,-0.005354790,0.000055547
-0.868592024,0.619733572,0.789318800,0.014712609,-0.004596062,0.966379881,0.256656319,-0.136841923,0.366164416,0.250240982,0.644799590,-0.380682915,-0.117048822,-0.307317942,-0.352282852,-0.438966155,0.550551832,-0.140630707,0.080546752,-0.163589954,0.042912923,0.148389801,-0.989260137,0.151901037,-0.705005169,-0.014728270,-0.303819001,-0.008440855,0.000151031,-0.475579828,-1.179778099,-0.495907485,0.560060024,0.304589450,-0.006271210,0.000055592
-0.869079411,0.614661336,0.788063586,0.015056866,-0.007020018,0.968145847,0.249835387,-0.139849603,0.363992751,0.246876344,0.639978290,-0.380178571,-0.117430754,-0.305072129,-0.353925407,-0.416124463,0.557041764,-0.136621833,0.081676967,-0.158394039,0.043730766,0.160428792,-0.982158661,0.157119855,-0.709550321,-0.012689799,-0.304923773,-0.008482830,0.000151458,-0.450261533,-1.163625360,-0.521592975,0.558680117,0.306821734,-0.007367403,0.000055651
-0.870367885,0.609016240,0.786105633,0.016452691,-0.009782003,0.969273686,0.245238900,-0.140444949,0.362136126,0.244100615,0.640961170,-0.382130444,-0.117795601,-0.302365333,-0.355810374,-0.396268696,0.563426375,-0.133900732,0.082809225,-0.151352763,0.044363134,0.170023039,-0.975121498,0.161539093,-0.713482618,-0.011406817,-0.305940807,-0.008606470,0.000151841,-0.424311548,-1.142546654,-0.543780327,0.556294978,0.308890224,-0.008560597,0.000055702
-0.872066975,0.603901029,0.783867955,0.018706959,-0.012149077,0.969798982,0.242883071,-0.139515787,0.360306144,0.242238238,0.647689641,-0.387259930,-0.118146643,-0.299387664,-0.358034372,-0.379113078,0.569716036,-0.132596731,0.083943509,-0.142878070,0.044443935,0.178074643,-0.968718529,0.164845467,-0.716952443,-0.011033455,-0.306872219,-0.008834023,0.000152181,-0.398217201,-1.117605448,-0.562807322,0.553360641,0.310822874,-0.009770535,0.000055725
-0.873687983,0.599289954,0.781332314,0.021717075,-0.014186380,0.969865263,0.242257178,-0.137886852,0.359064460,0.241509303,0.659390390,-0.395323306,-0.118481278,-0.296534777,-0.360497653,-0.364242047,0.576330125,-0.132646009,0.085079685,-0.133702114,0.043865401,0.185556740,-0.963296115,0.166861951,-0.719989657,-0.011524406,-0.307781637,-0.009150432,0.000152573,-0.372351080,-1.089846373,-0.579084992,0.550469398,0.312641293,-0.010889539,0.000055711
-0.875322342,0.595348775,0.778659165,0.025082182,-0.016057143,0.969586551,0.242929697,-0.135819703,0.359005153,0.241874516,0.674780309,-0.405683458,-0.118797109,-0.294068962,-0.362798393,-0.351403713,0.583803236,-0.133749753,0.086217314,-0.124547198,0.042554203,0.192794114,-0.959026933,0.167614460,-0.722395480,-0.012705701,-0.308742255,-0.009526906,0.000152933,-0.347010314,-1.060373068,-0.593156815,0.548275173,0.314402342,-0.011802759,0.000055694
-0.876438618,0.591867805,0.775958300,0.029081138,-0.017922921,0.969030499,0.244566143,-0.133192405,0.360227346,0.243169740,0.692685783,-0.417353809,-0.119091623,-0.292008728,-0.364722282,-0.340144604,0.592473328,-0.135500789,0.087355569,-0.115987137,0.041022509,0.199634880,-0.955933332,0.166732684,-0.724661648,-0.014750056,-0.309657812,-0.009991902,0.000153213,-0.322496682,-1.030365229,-0.605447948,0.547345161,0.316119015,-0.012403233,0.000055689
-0.877612710,0.588529408,0.773188949,0.033219565,-0.019964857,0.968276024,0.246859491,-0.130137488,0.362503052,0.245262921,0.711915553,-0.430122703,-0.119362146,-0.290446103,-0.366472006,-0.330006331,0.602210581,-0.137815759,0.088493243,-0.108130887,0.040043443,0.206288218,-0.953856111,0.164093405,-0.727102160,-0.017538557,-0.310516417,-0.010512894,0.000153476,-0.299223512,-1.000886202,-0.616229951,0.547998607,0.317773432,-0.012624167,0.000055762
-0.879045308,0.585147202,0.770443797,0.037356619,-0.022172498,0.967381895,0.249569505,-0.126751184,0.365332127,0.248136625,0.732051075,-0.443770915,-0.119611159,-0.289097071,-0.368224800,-0.320569843,0.612381816,-0.140360326,0.089628696,-0.100955866,0.039646413,0.212400168,-0.952759862,0.159805939,-0.729698181,-0.020853065,-0.311337948,-0.011054712,0.000153738,-0.277759790,-0.973410487,-0.626054585,0.550289631,0.319377095,-0.012477890,0.000055873
-0.881010473,0.581609309,0.767670572,0.041376352,-0.024449842,0.966399431,0.252511859,-0.123088576,0.368214101,0.251878053,0.753105283,-0.458564699,-0.119841039,-0.287562042,-0.370392919,-0.311555028,0.622343421,-0.142930403,0.090759628,-0.094269022,0.039501596,0.217536911,-0.952565432,0.154146284,-0.732367635,-0.024411688,-0.312143862,-0.011572478,0.000154031,-0.258701801,-0.949217439,-0.635387182,0.553928435,0.320918649,-0.012059039,0.000056005
-0.883454025,0.578022122,0.764890194,0.045227271,-0.026717128,0.965383470,0.255490988,-0.119202696,0.371072322,0.256366372,0.774514675,-0.474120051,-0.120054208,-0.285773367,-0.373009175,-0.302949190,0.631989241,-0.145626500,0.091884442,-0.087916717,0.039668139,0.221594676,-0.953162313,0.147479758,-0.734990180,-0.027958943,-0.312965453,-0.012034356,0.000154294,-0.242245510,-0.928766549,-0.644472301,0.558723569,0.322435409,-0.011419953,0.000056154
-0.886249065,0.574770510,0.762182176,0.048720576,-0.028874360,0.964379370,0.258388788,-0.115177482,0.374195337,0.261362284,0.795332909,-0.489715219,-0.120253056,-0.283846766,-0.375667334,-0.294960797,0.641282141,-0.148756832,0.093001075,-0.081841595,0.039880853,0.224563211,-0.954496324,0.140159070,-0.737436295,-0.031290963,-0.313822925,-0.012422505,0.000154517,-0.228408173,-0.912233710,-0.653467417,0.564383745,0.323941261,-0.010632614,0.000056292
-0.889195859,0.571991563,0.759628296,0.051890690,-0.030886604,0.963414848,0.261122823,-0.110979758,0.377616197,0.266590565,0.814956784,-0.504778028,-0.120439544,-0.281836659,-0.378190905,-0.287698269,0.650303781,-0.152210236,0.094107144,-0.075925656,0.039969061,0.226415828,-0.956447899,0.132460341,-0.739704967,-0.034305841,-0.314723432,-0.012732930,0.000154819,-0.217220932,-0.899546266,-0.662477493,0.570549190,0.325436890,-0.009779559,0.000056458
-0.891997337,0.569529474,0.757267475,0.054928325,-0.032732025,0.962464809,0.263766885,-0.106598146,0.381063223,0.271982163,0.833206356,-0.518941283,-0.120615184,-0.279961437,-0.380613476,-0.281069815,0.658971488,-0.155533969,0.095200077,-0.070303462,0.040073417,0.227447897,-0.958799958,0.124690063,-0.741777778,-0.036891535,-0.315694183,-0.012960683,0.000155065,-0.208347693,-0.890287995,-0.671471298,0.576953053,0.326914668,-0.008913703,0.000056639
-0.894769251,0.567184567,0.755134463,0.057788346,-0.034521837,0.961493731,0.266455203,-0.101932488,0.384370208,0.277548939,0.850083172,-0.532348931,-0.120781191,-0.278198391,-0.382842958,-0.275020987,0.666868210,-0.158277214,0.096277364,-0.065103479,0.039855842,0.227591857,-0.961396277,0.117041275,-0.743616223,-0.039038856,-0.316753983,-0.013120210,0.000155415,-0.201517180,-0.884121478,-0.680464089,0.583241880,0.328370035,-0.008110995,0.000056828
-0.897593915,0.564872265,0.753262162,0.060385771,-0.036285926,0.960507631,0.269188434,-0.097057357,0.387407511,0.283256680,0.865505636,-0.545009553,-0.120938674,-0.276504368,-0.384831816,-0.269531161,0.673610091,-0.160225391,0.097336493,-0.060214482,0.039222639,0.226912484,-0.964090407,0.109684899,-0.745242417,-0.040707398,-0.317907602,-0.013215436,0.000155746,-0.196564615,-0.880636096,-0.689314783,0.589079142,0.329826027,-0.007431285,0.000057020
-0.900457561,0.562654376,0.751632154,0.062645920,-0.037965752,0.959528267,0.271918207,-0.092146665,0.390126586,0.289015502,0.879378080,-0.556857467,-0.121088691,-0.274970204,-0.386605650,-0.264593720,0.679202139,-0.161479965,0.098374955,-0.055450428,0.038476843,0.225789770,-0.966681242,0.102648981,-0.746946871,-0.041938778,-0.319103867,-0.013248168,0.000156120,-0.193320155,-0.879284322,-0.697761118,0.594245374,0.331253737,-0.006893433,0.000057195
-0.902977586,0.560539186,0.750211954,0.064775020,-0.039529223,0.958552063,0.274625421,-0.087358557,0.392601669,0.294643760,0.891708434,-0.567585230,-0.121232249,-0.273664415,-0.388036907,-0.260157138,0.683724821,-0.162060797,0.099390216,-0.050661411,0.037707660,0.224493399,-0.969120443,0.096005775,-0.748783171,-0.042749472,-0.320318073,-0.013218705,0.000156486,-0.191586718,-0.879597723,-0.705659986,0.598657072,0.332652062,-0.006498626,0.000057331
-0.905452311,0.558777213,0.749050736,0.066451527,-0.040942010,0.957608759,0.277296513,-0.082693316,0.394968510,0.300073057,0.902168632,-0.577203929,-0.121370256,-0.272563934,-0.388950527,-0.256337732,0.687159240,-0.162271082,0.100380152,-0.045814812,0.036899511,0.222988501,-0.971484125,0.089898676,-0.750408411,-0.043136392,-0.321654171,-0.013149462,0.000156970,-0.191062987,-0.881199300,-0.712948620,0.602300107,0.334003627,-0.006239133,0.000057480
-0.907748580,0.557206213,0.748131990,0.067815728,-0.042247787,0.956690490,0.279927880,-0.078222670,0.397144556,0.305279106,0.910950780,-0.585722566,-0.121503390,-0.271541387,-0.389350086,-0.253015459,0.689333498,-0.161902845,0.101342946,-0.040872701,0.036038231,0.221300364,-0.973726571,0.084244370,-0.751886189,-0.043114200,-0.323087931,-0.013033864,0.000157461,-0.191537693,-0.883649051,-0.719573140,0.605256379,0.335314900,-0.006089570,0.000057606
-0.909958005,0.555718422,0.747433245,0.068868004,-0.043471210,0.955793917,0.282534093,-0.073941305,0.399000704,0.310318917,0.918273091,-0.593339443,-0.121632248,-0.270565122,-0.389375627,-0.250075191,0.690225124,-0.160866797,0.102277122,-0.035902943,0.035351224,0.219508618,-0.975808859,0.078948349,-0.753463566,-0.042815607,-0.324550271,-0.012884553,0.000157951,-0.192730665,-0.886446357,-0.725484610,0.607686102,0.336587399,-0.006011509,0.000057719
-0.911912084,0.554387689,0.746933937,0.069789805,-0.044638246,0.954883575,0.285191774,-0.069632493,0.400777698,0.315184653,0.924237847,-0.599902034,-0.121757373,-0.269573569,-0.388832420,-0.247416824,0.690128684,-0.159367755,0.103181399,-0.031265169,0.034735482,0.217383176,-0.977816224,0.074010216,-0.755010009,-0.042354789,-0.326034158,-0.012732225,0.000158397,-0.194324240,-0.889344394,-0.730799437,0.609742165,0.337817043,-0.005981431,0.000057833
-0.913821220,0.553204358,0.746616185,0.070362732,-0.045752529,0.954007626,0.287793815,-0.065576024,0.402447581,0.319849044,0.928877890,-0.605622232,-0.121879235,-0.268669903,-0.387846142,-0.245106563,0.689064980,-0.157483593,0.104054913,-0.026647648,0.034131203,0.215267211,-0.979795277,0.069530256,-0.756449580,-0.041744400,-0.327515185,-0.012577547,0.000158802,-0.196264848,-0.892031252,-0.735462785,0.611495554,0.339003086,-0.005981276,0.000057950
-0.915650606,0.552061796,0.746427238,0.070698209,-0.046808232,0.953187823,0.290247887,-0.061876081,0.403894365,0.324303269,0.932550728,-0.610620558,-0.121998206,-0.267834574,-0.386685312,-0.243072435,0.687255502,-0.155237034,0.104896985,-0.021875711,0.033755183,0.213334173,-0.981751382,0.065486945,-0.757843137,-0.041064873,-0.328982264,-0.012433658,0.000159263,-0.198443577,-0.894177616,-0.739415944,0.613031268,0.340148121,-0.005993333,0.000058066
-0.916968882,0.550878644,0.746313155,0.071166590,-0.047866102,0.952338278,0.292738467,-0.058373708,0.405369669,0.328549832,0.935610950,-0.614716828,-0.122114703,-0.267184705,-0.385113806,-0.241183490,0.684992969,-0.152531683,0.105706960,-0.017470052,0.033257812,0.211612076,-0.983592093,0.061890133,-0.759195983,-0.040314686,-0.330446482,-0.012293144,0.000159749,-0.200590268,-0.896000564,-0.742934227,0.614473164,0.341260552,-0.006007322,0.000058182
-0.918090463,0.549865127,0.746288538,0.071488217,-0.048852462,0.951523542,0.295137703,-0.055132642,0.406893909,0.332563519,0.937901258,-0.618070304,-0.122229084,-0.266686648,-0.383248448,-0.239553377,0.682436526,-0.149700895,0.106484823,-0.013190433,0.032837898,0.210079953,-0.985425949,0.058778986,-0.760365188,-0.039549347,-0.331920564,-0.012173318,0.000160265,-0.202713117,-0.897417367,-0.746029794,0.615884960,0.342340767,-0.006012467,0.000058303
-0.919203401,0.548971772,0.746339202,0.071546413,-0.049782004,0.950767338,0.297395915,-0.052240014,0.408417046,0.336394846,0.939549863,-0.620917797,-0.122341648,-0.266287804,-0.381206363,-0.238157272,0.679486215,-0.146758839,0.107230879,-0.008959015,0.032447133,0.208764061,-0.987303078,0.056086466,-0.761314213,-0.038828362,-0.333405197,-0.012083068,0.000160781,-0.204816729,-0.898419917,-0.748759866,0.617298603,0.343392998,-0.006003968,0.000058410
-0.919949412,0.548080206,0.746437907,0.071631603,-0.050650708,0.950031221,0.299573004,-0.049693182,0.409953207,0.340058029,0.940752864,-0.623061121,-0.122452639,-0.266068101,-0.379002273,-0.236935675,0.676244974,-0.143518850,0.107945412,-0.004914470,0.032116160,0.207739130,-0.989203334,0.053834081,-0.761996210,-0.038132109,-0.334902495,-0.012018288,0.000161292,-0.206771135,-0.899070263,-0.751249671,0.618839800,0.344418198,-0.005960376,0.000058517
-0.920295656,0.547252238,0.746583521,0.071778148,-0.051460501,0.949333787,0.301603854,-0.047470387,0.411607146,0.343474716,0.941501737,-0.624449551,-0.122562289,-0.265919089,-0.376629114,-0.235965833,0.672856629,-0.140100956,0.108629122,-0.000891187,0.031699222,0.206882641,-0.991096556,0.051915441,-0.762460113,-0.037468582,-0.336412758,-0.011971271,0.000161808,-0.208686054,-0.899483860,-0.753494263,0.620346129,0.345435530,-0.005917676,0.000058609
-0.920514941,0.546509862,0.746756315,0.071843624,-0.052221186,0.948686719,0.303487271,-0.045499586,0.413328350,0.346704125,0.941898644,-0.625381768,-0.122670785,-0.265772462,-0.374197334,-0.235214099,0.669315517,-0.136681125,0.109283090,0.003074279,0.031284366,0.206139922,-0.992944241,0.050268050,-0.762817085,-0.036852933,-0.337935388,-0.011933285,0.000162300,-0.210475340,-0.899701774,-0.755474150,0.621759772,0.346448272,-0.005884260,0.000058719
-0.920602202,0.545835257,0.746940732,0.071876898,-0.052933101,0.948075116,0.305263430,-0.043719761,0.415114671,0.349796087,0.942071021,-0.625946820,-0.122778259,-0.265649050,-0.371751755,-0.234633058,0.665710628,-0.133302972,0.109908476,0.006830830,0.030933311,0.205504969,-0.994770527,0.048805539,-0.763161063,-0.036381118,-0.339466929,-0.011920627,0.000162788,-0.212032795,-0.899636626,-0.757221162,0.623142362,0.347453892,-0.005851872,0.000058829
-0.920814574,0.545283675,0.747150898,0.071695819,-0.053603504,0.947554708,0.306800425,-0.042226315,0.416935176,0.352684528,0.941992462,-0.626324594,-0.122884832,-0.265419424,-0.369388342,-0.234286383,0.662024796,-0.130108431,0.110506512,0.010694037,0.030550452,0.204961449,-0.996555328,0.047542904,-0.763461888,-0.036021773,-0.341002733,-0.011927268,0.000163260,-0.213448241,-0.899271250,-0.758657992,0.624394834,0.348463863,-0.005834803,0.000058970
-0.920915663,0.544814467,0.747379839,0.071491010,-0.054243341,0.947079182,0.308200628,-0.040888429,0.418831557,0.355382204,0.941677809,-0.626359046,-0.122990578,-0.265177667,-0.367002994,-0.234117374,0.658392787,-0.126999915,0.111078180,0.014371835,0.030066049,0.204460755,-0.998300850,0.046590731,-0.763585567,-0.035743374,-0.342554837,-0.011954588,0.000163752,-0.214566201,-0.898735464,-0.759956121,0.625633001,0.349461615,-0.005814505,0.000059105
-0.920652866,0.544428468,0.747625411,0.071392372,-0.054805838,0.946637154,0.309479207,-0.039809022,0.420815170,0.357824802,0.941113293,-0.625831544,-0.123095550,-0.265054077,-0.364548683,-0.234105662,0.654905081,-0.123960927,0.111624539,0.017921202,0.029579069,0.204238474,-0.999932945,0.045969926,-0.763516963,-0.035447657,-0.344123960,-0.011979607,0.000164253,-0.215377539,-0.898017943,-0.761111200,0.626874328,0.350437135,-0.005784641,0.000059246
-0.920372128,0.544096887,0.747878313,0.071241260,-0.055337749,0.946261466,0.310566127,-0.038922716,0.422750145,0.360024124,0.940404356,-0.625099599,-0.123199753,-0.264840454,-0.362149447,-0.234161660,0.651462078,-0.121056147,0.112146936,0.021422623,0.029060777,0.204071015,-1.001466632,0.045794357,-0.763165534,-0.035132721,-0.345711231,-0.012012096,0.000164680,-0.215955809,-0.897259474,-0.762220263,0.628075004,0.351393014,-0.005762757,0.000059378
-0.919908404,0.543754458,0.748142481,0.071160629,-0.055851836,0.945919394,0.311533988,-0.038195379,0.424646437,0.362001032,0.939561248,-0.624060273,-0.123303182,-0.264577657,-0.359724671,-0.234266549,0.647998512,-0.118135542,0.112646610,0.024754308,0.028409019,0.203985691,-1.002824187,0.045867071,-0.762711406,-0.034829006,-0.347303241,-0.012049608,0.000165098,-0.216301322,-0.896591306,-0.763336241,0.629230022,0.352295130,-0.005754734,0.000059509
-0.919185638,0.543410778,0.748403013,0.071275711,-0.056319755,0.945600212,0.312391430,-0.037483573,0.426439464,0.363746554,0.938622832,-0.622677386,-0.123405829,-0.264218390,-0.357366771,-0.234390035,0.644672394,-0.115239397,0.113124840,0.027902905,0.027852215,0.203802466,-1.004063129,0.046087392,-0.762161851,-0.034598809,-0.348913878,-0.012101821,0.000165520,-0.216460139,-0.895952821,-0.764440954,0.630361319,0.353162616,-0.005747668,0.000059628
-0.918617010,0.543156147,0.748669446,0.071242444,-0.056759566,0.945332408,0.313129008,-0.036862273,0.428153247,0.365314931,0.937550962,-0.621277153,-0.123507701,-0.263796151,-0.355088472,-0.234601364,0.641363502,-0.112527303,0.113583006,0.030957760,0.027288971,0.203633636,-1.005092740,0.046514686,-0.761522353,-0.034343410,-0.350539625,-0.012149660,0.000165979,-0.216432244,-0.895329356,-0.765539408,0.631503940,0.353999108,-0.005734270,0.000059739
-0.918084681,0.542988956,0.748955488,0.071100645,-0.057140291,0.945107341,0.313770711,-0.036391173,0.429781079,0.366715640,0.936291814,-0.619748533,-0.123608761,-0.263383985,-0.352830201,-0.234852999,0.638024211,-0.109959804,0.114022292,0.033874892,0.026737075,0.203565538,-1.005889416,0.047105562,-0.760837495,-0.034012448,-0.352180511,-0.012179839,0.000166395,-0.216279730,-0.894706666,-0.766622782,0.632649124,0.354819357,-0.005716765,0.000059844
-0.917241991,0.542794764,0.749242961,0.071168497,-0.057471059,0.944904387,0.314305365,-0.036017124,0.431291699,0.367862701,0.934951425,-0.617864132,-0.123708978,-0.262886167,-0.350603580,-0.235082045,0.634737015,-0.107353434,0.114443779,0.036748528,0.026155176,0.203460455,-1.006501794,0.047797251,-0.760164797,-0.033631504,-0.353816926,-0.012196442,0.000166816,-0.216069251,-0.894083619,-0.767658353,0.633787036,0.355622649,-0.005692653,0.000059949
-0.916234732,0.542577028,0.749524236,0.071347244,-0.057760336,0.944736123,0.314717084,-0.035781126,0.432674617,0.368792146,0.933592200,-0.615764797,-0.123808309,-0.262324721,-0.348448396,-0.235244423,0.631524146,-0.104791954,0.114848673,0.039550919,0.025603103,0.203398138,-1.007000804,0.048564460,-0.759488583,-0.033209667,-0.355458349,-0.012203849,0.000167244,-0.215770468,-0.893433690,-0.768644989,0.634949684,0.356405258,-0.005651998,0.000060077
-0.915206254,0.542338133,0.749796748,0.071581081,-0.058031205,0.944586158,0.315063715,-0.035530683,0.433896720,0.369577378,0.932207525,-0.613599837,-0.123906732,-0.261682808,-0.346363455,-0.235297844,0.628371596,-0.102294311,0.115238182,0.042066917,0.025070472,0.203217119,-1.007417917,0.049477957,-0.758730888,-0.032759875,-0.357104003,-0.012210356,0.000167693,-0.215285778,-0.892847657,-0.769697487,0.636174858,0.357159138,-0.005600171,0.000060202
-0.914373934,0.542100430,0.750071704,0.071653351,-0.058257669,0.944494367,0.315280974,-0.035452887,0.434876382,0.370247483,0.930732608,-0.611536622,-0.124004215,-0.261016965,-0.344449192,-0.235282332,0.625140011,-0.099904440,0.115613386,0.044499345,0.024568750,0.203109443,-1.007735729,0.050434843,-0.758075118,-0.032282364,-0.358740568,-0.012204672,0.000168158,-0.214835405,-0.892380178,-0.770712674,0.637326956,0.357892334,-0.005556169,0.000060334
-0.913367629,0.541896522,0.750341773,0.071776085,-0.058397360,0.944425941,0.315432638,-0.035578087,0.435741991,0.370741427,0.929164052,-0.609266222,-0.124100775,-0.260495484,-0.342580229,-0.235212669,0.622048080,-0.097602852,0.115975134,0.046811465,0.024151079,0.203248456,-1.007938743,0.051314969,-0.757660329,-0.031786073,-0.360361129,-0.012181344,0.000168631,-0.214466810,-0.892020047,-0.771644115,0.638375103,0.358607501,-0.005523534,0.000060445
-0.912420034,0.541758180,0.750625968,0.071788952,-0.058478285,0.944380820,0.315549374,-0.035822563,0.436495572,0.371151358,0.927447379,-0.606931627,-0.124196418,-0.260104239,-0.340744406,-0.235110864,0.619010389,-0.095420182,0.116324306,0.048890784,0.023799527,0.203524321,-1.008106470,0.052153099,-0.757370949,-0.031297106,-0.361977577,-0.012153643,0.000169139,-0.214057490,-0.891661286,-0.772529840,0.639385879,0.359306693,-0.005492999,0.000060557
-0.911390305,0.541628599,0.750912249,0.071854375,-0.058502324,0.944343269,0.315642983,-0.036112975,0.437107295,0.371470451,0.925680399,-0.604453266,-0.124291122,-0.259769291,-0.338986427,-0.234937429,0.616066575,-0.093319252,0.116661727,0.050767165,0.023606466,0.203817829,-1.008266926,0.052945904,-0.757137895,-0.030872971,-0.363607287,-0.012137503,0.000169733,-0.213586181,-0.891270518,-0.773382187,0.640441477,0.359998465,-0.005444654,0.000060662
-0.910197973,0.541482985,0.751184046,0.072060391,-0.058502886,0.944327354,0.315643489,-0.036459457,0.437639296,0.371609777,0.923920572,-0.601822793,-0.124384873,-0.259400904,-0.337348312,-0.234771445,0.613343716,-0.091274947,0.116988227,0.052693114,0.023429530,0.204048693,-1.008478403,0.053654667,-0.756978631,-0.030562855,-0.365249842,-0.012139847,0.000170292,-0.213211745,-0.890945256,-0.774149120,0.641393423,0.360688776,-0.005399609,0.000060774
-0.909167945,0.541381717,0.751460373,0.072128668,-0.058506176,0.944333375,0.315608561,-0.036881283,0.438151419,0.371689081,0.922149420,-0.599264383,-0.124477684,-0.259104908,-0.335771143,-0.234638453,0.610739172,-0.089353651,0.117304653,0.054478258,0.023117086,0.204314962,-1.008727908,0.054323819,-0.756889045,-0.030315187,-0.366901040,-0.012147666,0.000170905,-0.212898359,-0.890780568,-0.774908185,0.642225623,0.361369610,-0.005367985,0.000060897
-0.908012152,0.541249156,0.751707435,0.072298825,-0.058499623,0.944343984,0.315539807,-0.037380595,0.438637137,0.371661484,0.920469522,-0.596641541,-0.124569528,-0.258881837,-0.334270895,-0.234493509,0.608352661,-0.087450132,0.117611706,0.056171674,0.022710411,0.204683706,-1.008934021,0.054920811,-0.756889939,-0.030103156,-0.368546337,-0.012151935,0.000171553,-0.212640628,-0.890814066,-0.775652885,0.642934203,0.362008184,-0.005345108,0.000061044
-0.906779468,0.541198432,0.751940310,0.072482474,-0.058455553,0.944355428,0.315471113,-0.037900236,0.439172387,0.371555358,0.918720484,-0.593909621,-0.124660417,-0.258809090,-0.332801402,-0.234426990,0.606246173,-0.085710250,0.117910117,0.057744872,0.022268876,0.205137238,-1.009111762,0.055479117,-0.756939590,-0.029872064,-0.370172024,-0.012144155,0.000172252,-0.212443262,-0.891017973,-0.776368082,0.643537581,0.362595320,-0.005328407,0.000061224
-0.905410707,0.541202605,0.752167463,0.072725199,-0.058371365,0.944368243,0.315392613,-0.038466021,0.439751267,0.371382952,0.916919231,-0.591026843,-0.124750316,-0.258869976,-0.331369579,-0.234437600,0.604387879,-0.084067419,0.118200652,0.059241857,0.021817658,0.205675498,-1.009301305,0.055968650,-0.756988525,-0.029616224,-0.371784359,-0.012130448,0.000173014,-0.212326884,-0.891324520,-0.777042091,0.644036949,0.363148034,-0.005320533,0.000061405
-0.904230297,0.541182935,0.752382636,0.072872303,-0.058281280,0.944382191,0.315333903,-0.039040856,0.440229297,0.371305466,0.915265024,-0.588385940,-0.124839164,-0.259011686,-0.330119580,-0.234438449,0.602607310,-0.082495824,0.118484147,0.060511023,0.021465631,0.206313044,-1.009443283,0.056382440,-0.757077336,-0.029397378,-0.373406142,-0.012127528,0.000173676,-0.212099105,-0.891555190,-0.777687371,0.644552231,0.363661081,-0.005307266,0.000061586
-0.903160393,0.541050375,0.752566397,0.073063314,-0.058237772,0.944403052,0.315235108,-0.039574340,0.440600216,0.371258289,0.913866580,-0.586050808,-0.124926917,-0.259053707,-0.329094499,-0.234418541,0.600943387,-0.080917664,0.118761279,0.061711684,0.021016348,0.206843287,-1.009664059,0.056631241,-0.757208705,-0.029275173,-0.375024468,-0.012142820,0.000174336,-0.211871415,-0.891765714,-0.778246522,0.644968927,0.364126027,-0.005307347,0.000061772
-0.902122915,0.540890932,0.752708793,0.073297925,-0.058202576,0.944420874,0.315133274,-0.040081676,0.440959275,0.371242821,0.912675738,-0.583962977,-0.125013590,-0.259153545,-0.328225017,-0.234396055,0.599576652,-0.079508863,0.119032599,0.062779300,0.020627657,0.207444474,-1.009877682,0.056832626,-0.757343352,-0.029153170,-0.376630843,-0.012168540,0.000174941,-0.211626753,-0.891935229,-0.778761089,0.645334959,0.364576906,-0.005316826,0.000061955
-0.901473045,0.540893614,0.752849042,0.073197164,-0.058116734,0.944463253,0.315045536,-0.040663470,0.441316038,0.371322781,0.911454976,-0.582316995,-0.125099182,-0.259484500,-0.327455342,-0.234408274,0.598410666,-0.078539468,0.119298629,0.063664518,0.020534044,0.208345354,-1.010076642,0.057075944,-0.757375956,-0.028870234,-0.378197342,-0.012163335,0.000175499,-0.211286217,-0.891837120,-0.779185236,0.645762026,0.365035146,-0.005311028,0.000062170
